Venue,Short,City,Country,Latitude,Longitude
MetLife Stadium,NY,"East Rutherford, New Jersey",United States,40.8135,-74.0745
SoFi Stadium,LA,"Inglewood, California",United States,33.9535,-118.3392
AT&T Stadium,DAL,"Arlington, Texas",United States,32.7473,-97.0945
GEHA Field at Arrowhead Stadium,KC,"Kansas City, Missouri",United States,39.0489,-94.4839
NRG Stadium,HOU,"Houston, Texas",United States,29.6847,-95.4107
Mercedes-Benz Stadium,ATL,"Atlanta, Georgia",United States,33.7554,-84.4008
Lincoln Financial Field,PHI,"Philadelphia, Pennsylvania",United States,39.9008,-75.1675
Gillette Stadium,BOS,"Foxborough, Massachusetts",United States,42.0909,-71.2643
Hard Rock Stadium,MIA,"Miami Gardens, Florida",United States,25.9580,-80.2389
Lumen Field,SEA,"Seattle, Washington",United States,47.5952,-122.3316
Levi's Stadium,SF,"Santa Clara, California",United States,37.4030,-121.9700
BMO Field,TOR,Toronto,Canada,43.6332,-79.4186
BC Place,VAN,Vancouver,Canada,49.2768,-123.1120
Estadio Banorte,MEX,Mexico City,Mexico,19.3029,-99.1505
Estadio Akron,GDL,"Zapopan, Jalisco",Mexico,20.6819,-103.4625
Estadio BBVA,MTY,"Guadalupe, Nuevo León",Mexico,25.6694,-100.2444
