id,date,Home,Away,round,result,Home_Points_Before,home_halftime_score,home_fulltime_score,home_extratime_score,home_penalty_score,Away_Points_Before,away_halftime_score,away_fulltime_score,away_extratime_score,away_penalty_score
721722,2021-07-23 02:00:00+00:00,Club Queretaro,Club America,Apertura - 1,d,0,0,0,,,0,0,0,,
721723,2021-07-24 00:00:00+00:00,Necaxa,Santos Laguna,Apertura - 1,a,0,0,0,,,0,2,3,,
721724,2021-07-24 02:00:00+00:00,FC Juarez,Toluca,Apertura - 1,a,0,1,1,,,0,1,3,,
721725,2021-07-24 21:00:00+00:00,Pachuca,Leon,Apertura - 1,h,0,0,4,,,0,0,0,,
721726,2021-07-25 02:00:00+00:00,Guadalajara Chivas,Atletico San Luis,Apertura - 1,a,0,0,1,,,0,1,2,,
721727,2021-07-25 17:00:00+00:00,U.N.A.M. - Pumas,Atlas,Apertura - 1,d,0,0,0,,,0,0,0,,
721728,2021-07-26 00:06:00+00:00,Monterrey,Puebla,Apertura - 1,d,0,0,1,,,0,0,1,,
721729,2021-07-26 02:06:00+00:00,Club Tijuana,Tigres UANL,Apertura - 1,a,0,0,1,,,0,1,2,,
721730,2021-07-27 01:00:00+00:00,Cruz Azul,Mazatlán,Apertura - 1,a,0,0,0,,,0,1,2,,
721731,2021-07-31 00:00:00+00:00,Mazatlán,Pachuca,Apertura - 2,h,3,1,2,,,3,1,1,,
721732,2021-07-31 02:05:00+00:00,Puebla,Guadalajara Chivas,Apertura - 2,a,1,0,0,,,0,0,2,,
721737,2021-07-31 22:00:00+00:00,Leon,Club Tijuana,Apertura - 2,h,0,1,2,,,0,0,1,,
721733,2021-08-01 00:00:00+00:00,Club America,Necaxa,Apertura - 2,h,1,1,2,,,0,0,1,,
721734,2021-08-01 02:00:00+00:00,Monterrey,U.N.A.M. - Pumas,Apertura - 2,h,1,1,2,,,1,0,0,,
721735,2021-08-01 02:05:00+00:00,Atlas,FC Juarez,Apertura - 2,h,1,0,2,,,0,0,0,,
721736,2021-08-01 17:00:00+00:00,Toluca,Tigres UANL,Apertura - 2,h,3,1,3,,,3,1,1,,
721738,2021-08-01 23:00:00+00:00,Santos Laguna,Cruz Azul,Apertura - 2,d,3,0,1,,,0,0,1,,
721739,2021-08-03 02:00:00+00:00,Atletico San Luis,Club Queretaro,Apertura - 2,d,3,1,1,,,1,0,1,,
721740,2021-08-06 02:00:00+00:00,Club Queretaro,Leon,Apertura - 3,a,2,0,0,,,3,1,1,,
721741,2021-08-07 00:00:00+00:00,Mazatlán,Monterrey,Apertura - 3,d,6,1,1,,,4,1,1,,
721742,2021-08-07 02:05:00+00:00,Necaxa,Cruz Azul,Apertura - 3,a,0,1,1,,,1,1,2,,
721743,2021-08-07 02:06:00+00:00,Club Tijuana,Toluca,Apertura - 3,a,0,0,0,,,6,1,2,,
721747,2021-08-07 22:00:00+00:00,Guadalajara Chivas,FC Juarez,Apertura - 3,d,3,1,2,,,0,1,2,,
721744,2021-08-08 00:00:00+00:00,Club America,Puebla,Apertura - 3,h,4,1,2,,,1,0,0,,
721745,2021-08-08 02:00:00+00:00,Tigres UANL,Santos Laguna,Apertura - 3,d,3,0,1,,,4,1,1,,
721746,2021-08-08 17:00:00+00:00,U.N.A.M. - Pumas,Atletico San Luis,Apertura - 3,a,1,1,1,,,4,2,3,,
721748,2021-08-10 02:00:00+00:00,Pachuca,Atlas,Apertura - 3,a,3,0,0,,,4,1,1,,
721749,2021-08-13 02:00:00+00:00,Atletico San Luis,Necaxa,Apertura - 4,a,7,0,0,,,0,1,2,,
721750,2021-08-14 00:00:00+00:00,Puebla,Tigres UANL,Apertura - 4,d,1,1,1,,,4,0,1,,
721751,2021-08-14 02:00:00+00:00,FC Juarez,Club Tijuana,Apertura - 4,d,1,1,1,,,0,1,1,,
721755,2021-08-14 22:00:00+00:00,U.N.A.M. - Pumas,Club Queretaro,Apertura - 4,d,1,0,0,,,2,0,0,,
721752,2021-08-15 00:00:00+00:00,Leon,Mazatlán,Apertura - 4,h,6,1,3,,,7,0,0,,
721754,2021-08-15 02:00:00+00:00,Cruz Azul,Toluca,Apertura - 4,h,4,3,4,,,9,0,0,,
721753,2021-08-15 02:06:00+00:00,Monterrey,Pachuca,Apertura - 4,h,5,1,3,,,3,0,1,,
721757,2021-08-15 22:00:00+00:00,Atlas,Club America,Apertura - 4,a,7,0,0,,,7,0,1,,
721756,2021-08-16 00:06:00+00:00,Santos Laguna,Guadalajara Chivas,Apertura - 4,d,5,0,0,,,4,0,0,,
721761,2021-08-17 22:00:00+00:00,Toluca,Mazatlán,Apertura - 5,d,9,2,2,,,7,2,2,,
721758,2021-08-18 00:00:00+00:00,Tigres UANL,Club Queretaro,Apertura - 5,h,5,1,3,,,3,0,0,,
721760,2021-08-18 02:00:00+00:00,Necaxa,U.N.A.M. - Pumas,Apertura - 5,h,3,1,3,,,2,0,0,,
721759,2021-08-18 02:06:00+00:00,Club Tijuana,Puebla,Apertura - 5,d,1,1,1,,,2,0,1,,
721762,2021-08-19 00:00:00+00:00,Cruz Azul,Monterrey,Apertura - 5,d,7,0,1,,,8,0,1,,
721763,2021-08-19 00:00:00+00:00,Santos Laguna,Atlas,Apertura - 5,d,6,0,1,,,7,1,1,,
721764,2021-08-19 02:00:00+00:00,Guadalajara Chivas,Leon,Apertura - 5,a,5,0,0,,,9,1,3,,
721765,2021-08-19 02:00:00+00:00,FC Juarez,Club America,Apertura - 5,a,2,1,1,,,10,1,2,,
721767,2021-08-21 02:00:00+00:00,Mazatlán,Tigres UANL,Apertura - 6,a,8,0,0,,,8,0,3,,
721772,2021-08-21 22:00:00+00:00,Atlas,Toluca,Apertura - 6,d,8,0,0,,,10,0,0,,
721768,2021-08-22 00:00:00+00:00,Leon,Santos Laguna,Apertura - 6,d,12,0,1,,,7,1,1,,
721769,2021-08-22 02:00:00+00:00,Atletico San Luis,Cruz Azul,Apertura - 6,d,7,0,0,,,8,0,0,,
721770,2021-08-22 02:36:00+00:00,Monterrey,Guadalajara Chivas,Apertura - 6,d,9,0,0,,,5,0,0,,
721771,2021-08-22 17:00:00+00:00,U.N.A.M. - Pumas,Puebla,Apertura - 6,h,2,0,2,,,3,0,0,,
721775,2021-08-22 22:00:00+00:00,Club America,Club Tijuana,Apertura - 6,h,13,0,2,,,2,0,0,,
721773,2021-08-23 00:00:00+00:00,Necaxa,FC Juarez,Apertura - 6,h,6,0,1,,,2,0,0,,
721774,2021-08-23 02:00:00+00:00,Club Queretaro,Pachuca,Apertura - 6,a,3,0,0,,,3,1,2,,
721777,2021-08-28 00:00:00+00:00,Mazatlán,Atletico San Luis,Apertura - 7,d,8,1,2,,,8,1,2,,
721776,2021-08-28 02:00:00+00:00,Puebla,Club Queretaro,Apertura - 7,h,3,0,1,,,3,0,0,,
721778,2021-08-28 02:06:00+00:00,Club Tijuana,Monterrey,Apertura - 7,d,2,1,2,,,10,2,2,,
721782,2021-08-28 22:00:00+00:00,Guadalajara Chivas,Necaxa,Apertura - 7,h,6,1,2,,,9,0,1,,
721779,2021-08-29 00:00:00+00:00,Tigres UANL,Atlas,Apertura - 7,d,11,1,1,,,9,0,1,,
721780,2021-08-29 02:00:00+00:00,Leon,Club America,Apertura - 7,d,13,1,1,,,16,1,1,,
721781,2021-08-29 17:00:00+00:00,Toluca,U.N.A.M. - Pumas,Apertura - 7,h,11,1,2,,,5,1,1,,
721783,2021-08-29 23:00:00+00:00,Santos Laguna,FC Juarez,Apertura - 7,h,8,0,2,,,2,0,0,,
721784,2021-08-30 01:00:00+00:00,Cruz Azul,Pachuca,Apertura - 7,d,9,0,1,,,6,1,1,,
721785,2021-09-11 00:00:00+00:00,Puebla,Atletico San Luis,Apertura - 8,d,6,0,2,,,9,1,2,,
721787,2021-09-11 02:00:00+00:00,FC Juarez,Cruz Azul,Apertura - 8,h,2,2,2,,,10,1,1,,
721786,2021-09-11 02:06:00+00:00,Club Tijuana,Santos Laguna,Apertura - 8,h,3,1,2,,,11,0,1,,
721790,2021-09-11 22:00:00+00:00,Atlas,Monterrey,Apertura - 8,h,10,0,2,,,11,1,1,,
721788,2021-09-12 00:00:00+00:00,Tigres UANL,Leon,Apertura - 8,d,12,1,2,,,14,2,2,,
721789,2021-09-12 02:00:00+00:00,Club America,Mazatlán,Apertura - 8,h,17,1,2,,,9,0,0,,
721792,2021-09-12 22:00:00+00:00,U.N.A.M. - Pumas,Guadalajara Chivas,Apertura - 8,d,5,0,0,,,9,0,0,,
721791,2021-09-13 00:00:00+00:00,Club Queretaro,Necaxa,Apertura - 8,h,3,2,3,,,9,0,0,,
721793,2021-09-14 02:00:00+00:00,Pachuca,Toluca,Apertura - 8,a,7,1,1,,,14,1,2,,
721794,2021-09-17 00:00:00+00:00,Atletico San Luis,Club Tijuana,Apertura - 9,h,10,3,4,,,6,1,1,,
721795,2021-09-18 02:00:00+00:00,Necaxa,Atlas,Apertura - 9,a,9,0,0,,,13,2,3,,
721799,2021-09-18 22:00:00+00:00,Leon,FC Juarez,Apertura - 9,a,15,0,0,,,5,0,1,,
721797,2021-09-19 00:00:00+00:00,Toluca,Club America,Apertura - 9,h,17,2,3,,,20,1,1,,
721798,2021-09-19 02:00:00+00:00,Guadalajara Chivas,Pachuca,Apertura - 9,h,10,0,1,,,7,0,0,,
721796,2021-09-19 02:00:00+00:00,Mazatlán,U.N.A.M. - Pumas,Apertura - 9,d,9,1,2,,,6,0,2,,
721801,2021-09-20 00:00:00+00:00,Cruz Azul,Club Queretaro,Apertura - 9,h,10,1,2,,,6,0,0,,
721800,2021-09-20 00:06:00+00:00,Monterrey,Tigres UANL,Apertura - 9,h,11,1,2,,,13,0,0,,
721802,2021-09-20 02:06:00+00:00,Santos Laguna,Puebla,Apertura - 9,d,11,0,1,,,7,0,1,,
721839,2021-09-22 02:00:00+00:00,FC Juarez,Atletico San Luis,Apertura - 14,h,8,1,1,,,13,0,0,,
721812,2021-09-23 00:06:00+00:00,Monterrey,Toluca,Apertura - 11,h,14,1,2,,,20,0,0,,
721803,2021-09-24 02:00:00+00:00,Pachuca,Necaxa,Apertura - 10,h,7,1,1,,,9,0,0,,
721804,2021-09-25 01:00:00+00:00,Puebla,Cruz Azul,Apertura - 10,d,8,1,1,,,13,1,1,,
721806,2021-09-25 02:06:00+00:00,Club Tijuana,Mazatlán,Apertura - 10,d,6,0,0,,,10,0,0,,
721810,2021-09-25 22:00:00+00:00,Atlas,Leon,Apertura - 10,h,16,1,2,,,15,0,0,,
721807,2021-09-26 00:00:00+00:00,Tigres UANL,U.N.A.M. - Pumas,Apertura - 10,d,13,0,0,,,7,0,0,,
721808,2021-09-26 02:00:00+00:00,Club America,Guadalajara Chivas,Apertura - 10,d,20,0,0,,,13,0,0,,
721809,2021-09-26 17:00:00+00:00,Toluca,Atletico San Luis,Apertura - 10,a,20,1,1,,,13,2,2,,
721811,2021-09-27 00:06:00+00:00,Santos Laguna,Monterrey,Apertura - 10,a,12,0,1,,,17,0,2,,
721816,2021-09-28 22:00:00+00:00,Necaxa,Club Tijuana,Apertura - 11,h,9,0,3,,,7,0,0,,
721815,2021-09-29 00:00:00+00:00,Mazatlán,FC Juarez,Apertura - 11,h,11,2,3,,,11,0,1,,
721813,2021-09-29 02:00:00+00:00,Atlas,Puebla,Apertura - 11,a,19,0,0,,,9,1,1,,
721814,2021-09-29 02:05:00+00:00,Pachuca,Club America,Apertura - 11,d,10,1,1,,,21,1,1,,
721818,2021-09-29 22:00:00+00:00,Atletico San Luis,Tigres UANL,Apertura - 11,a,16,0,0,,,14,1,3,,
721817,2021-09-30 02:15:00+00:00,Club Queretaro,Guadalajara Chivas,Apertura - 11,h,6,0,1,,,14,0,0,,
721821,2021-10-02 00:00:00+00:00,Puebla,Pachuca,Apertura - 12,a,12,1,1,,,11,1,2,,
721822,2021-10-02 02:00:00+00:00,FC Juarez,Monterrey,Apertura - 12,h,11,2,3,,,20,1,1,,
721826,2021-10-02 22:00:00+00:00,Leon,Atletico San Luis,Apertura - 12,d,15,0,0,,,16,0,0,,
721827,2021-10-03 00:06:00+00:00,Santos Laguna,Mazatlán,Apertura - 12,h,12,1,1,,,14,0,0,,
721823,2021-10-03 02:00:00+00:00,Guadalajara Chivas,Atlas,Apertura - 12,a,14,0,0,,,19,1,1,,
721825,2021-10-03 17:00:00+00:00,Toluca,Club Queretaro,Apertura - 12,d,20,0,1,,,9,0,1,,
721824,2021-10-03 22:00:00+00:00,Club America,U.N.A.M. - Pumas,Apertura - 12,h,22,1,2,,,8,0,0,,
721829,2021-10-04 00:00:00+00:00,Tigres UANL,Necaxa,Apertura - 12,d,17,0,0,,,12,0,0,,
721828,2021-10-04 02:06:00+00:00,Club Tijuana,Cruz Azul,Apertura - 12,a,7,0,0,,,14,1,1,,
721805,2021-10-09 00:00:00+00:00,FC Juarez,Club Queretaro,Apertura - 10,d,14,0,0,,,10,0,0,,
721830,2021-10-15 01:00:00+00:00,Club Queretaro,Club Tijuana,Apertura - 13,d,11,0,1,,,7,1,1,,
721831,2021-10-16 00:00:00+00:00,Necaxa,Puebla,Apertura - 13,a,13,0,0,,,12,0,1,,
721832,2021-10-16 02:00:00+00:00,Mazatlán,Atlas,Apertura - 13,h,14,1,1,,,22,0,0,,
721837,2021-10-16 22:00:00+00:00,Monterrey,Leon,Apertura - 13,a,20,0,0,,,16,1,1,,
721834,2021-10-17 00:00:00+00:00,Atletico San Luis,Club America,Apertura - 13,a,17,0,0,,,25,0,1,,
721833,2021-10-17 00:05:00+00:00,Pachuca,Santos Laguna,Apertura - 13,d,14,0,1,,,15,0,1,,
721835,2021-10-17 02:00:00+00:00,Cruz Azul,Tigres UANL,Apertura - 13,d,17,1,1,,,18,1,1,,
721836,2021-10-17 17:00:00+00:00,U.N.A.M. - Pumas,FC Juarez,Apertura - 13,h,8,0,1,,,15,0,0,,
721838,2021-10-17 22:00:00+00:00,Guadalajara Chivas,Toluca,Apertura - 13,h,14,1,2,,,21,0,0,,
721843,2021-10-19 22:00:00+00:00,Club Queretaro,Monterrey,Apertura - 14,h,12,1,1,,,20,0,0,,
721840,2021-10-20 00:00:00+00:00,Puebla,Mazatlán,Apertura - 14,h,15,0,2,,,17,0,0,,
721841,2021-10-20 00:05:00+00:00,Club America,Santos Laguna,Apertura - 14,h,28,0,2,,,16,0,1,,
721842,2021-10-20 02:05:00+00:00,Atlas,Cruz Azul,Apertura - 14,d,22,0,0,,,18,0,0,,
721844,2021-10-21 00:00:00+00:00,Toluca,Necaxa,Apertura - 14,d,21,0,1,,,13,0,1,,
721845,2021-10-21 00:00:00+00:00,Leon,U.N.A.M. - Pumas,Apertura - 14,a,19,0,1,,,11,1,2,,
721846,2021-10-21 02:00:00+00:00,Tigres UANL,Pachuca,Apertura - 14,h,19,2,3,,,15,0,0,,
721847,2021-10-21 02:06:00+00:00,Club Tijuana,Guadalajara Chivas,Apertura - 14,d,8,0,0,,,17,0,0,,
721848,2021-10-23 02:00:00+00:00,Mazatlán,Club Queretaro,Apertura - 15,h,17,0,2,,,15,1,1,,
721852,2021-10-23 22:00:00+00:00,Puebla,Leon,Apertura - 15,a,18,0,0,,,19,0,1,,
721849,2021-10-24 00:00:00+00:00,Club America,Tigres UANL,Apertura - 15,h,31,0,1,,,22,0,0,,
721850,2021-10-24 02:00:00+00:00,Guadalajara Chivas,Cruz Azul,Apertura - 15,d,18,0,1,,,19,1,1,,
721851,2021-10-24 17:00:00+00:00,U.N.A.M. - Pumas,Club Tijuana,Apertura - 15,h,14,1,3,,,9,0,1,,
721853,2021-10-24 22:06:00+00:00,Monterrey,Necaxa,Apertura - 15,a,20,0,0,,,14,0,1,,
721855,2021-10-25 00:00:00+00:00,Atletico San Luis,Atlas,Apertura - 15,a,17,0,2,,,23,4,6,,
721854,2021-10-25 00:06:00+00:00,Santos Laguna,Toluca,Apertura - 15,d,16,1,2,,,22,0,2,,
721856,2021-10-25 02:00:00+00:00,Pachuca,FC Juarez,Apertura - 15,d,15,0,1,,,15,1,1,,
721857,2021-10-29 00:00:00+00:00,Atlas,Club Tijuana,Apertura - 16,a,26,0,0,,,9,1,2,,
721858,2021-10-30 00:00:00+00:00,Necaxa,Mazatlán,Apertura - 16,h,17,1,2,,,20,0,1,,
721859,2021-10-30 02:00:00+00:00,FC Juarez,Puebla,Apertura - 16,a,16,0,0,,,18,0,2,,
721860,2021-10-30 23:00:00+00:00,Club Queretaro,Santos Laguna,Apertura - 16,a,15,0,2,,,17,2,3,,
721861,2021-10-31 01:06:00+00:00,Pachuca,U.N.A.M. - Pumas,Apertura - 16,d,16,0,1,,,17,1,1,,
721862,2021-10-31 02:10:00+00:00,Tigres UANL,Guadalajara Chivas,Apertura - 16,h,22,1,2,,,19,0,1,,
721863,2021-10-31 18:00:00+00:00,Toluca,Leon,Apertura - 16,d,23,0,0,,,22,0,0,,
721864,2021-10-31 23:05:00+00:00,Cruz Azul,Club America,Apertura - 16,h,20,1,2,,,34,0,1,,
721865,2021-11-01 01:05:00+00:00,Atletico San Luis,Monterrey,Apertura - 16,d,17,0,1,,,20,1,1,,
721766,2021-11-04 01:00:00+00:00,Pachuca,Atletico San Luis,Apertura - 5,d,17,0,0,,,18,0,0,,
721819,2021-11-04 03:00:00+00:00,Cruz Azul,Leon,Apertura - 11,a,23,0,0,,,23,1,1,,
721820,2021-11-05 01:00:00+00:00,U.N.A.M. - Pumas,Santos Laguna,Apertura - 11,a,18,0,0,,,20,1,3,,
721866,2021-11-05 03:00:00+00:00,Atlas,Club Queretaro,Apertura - 17,h,26,0,2,,,15,0,0,,
721867,2021-11-06 01:00:00+00:00,Puebla,Toluca,Apertura - 17,h,21,0,1,,,24,0,0,,
721868,2021-11-06 03:00:00+00:00,Mazatlán,Guadalajara Chivas,Apertura - 17,a,20,0,0,,,19,0,1,,
721869,2021-11-06 23:00:00+00:00,Leon,Necaxa,Apertura - 17,h,26,1,3,,,20,0,0,,
721870,2021-11-07 01:00:00+00:00,Club America,Monterrey,Apertura - 17,d,34,0,0,,,21,0,0,,
721871,2021-11-07 03:00:00+00:00,Tigres UANL,FC Juarez,Apertura - 17,h,25,1,3,,,16,0,0,,
721872,2021-11-07 03:06:00+00:00,Club Tijuana,Pachuca,Apertura - 17,h,12,1,3,,,18,1,2,,
721873,2021-11-07 23:00:00+00:00,U.N.A.M. - Pumas,Cruz Azul,Apertura - 17,h,18,1,4,,,23,3,3,,
721874,2021-11-08 01:06:00+00:00,Santos Laguna,Atletico San Luis,Apertura - 17,d,23,0,0,,,19,0,0,,
812182,2021-11-21 01:00:00+00:00,Santos Laguna,Atletico San Luis,Apertura - Reclasificación,h,24,0,2,,,20,0,0,,
812184,2021-11-21 03:00:00+00:00,Puebla,Guadalajara Chivas,Apertura - Reclasificación,d,24,1,2,0.0,6.0,22,1,2,0.0,5.0
812183,2021-11-21 23:00:00+00:00,Toluca,U.N.A.M. - Pumas,Apertura - Reclasificación,a,24,0,1,,,21,1,2,,
812185,2021-11-22 01:15:00+00:00,Cruz Azul,Monterrey,Apertura - Reclasificación,a,23,1,1,,,22,2,4,,
813305,2021-11-25 01:00:00+00:00,U.N.A.M. - Pumas,Club America,Apertura - Quarter-finals,d,24,0,0,,,35,0,0,,
813307,2021-11-25 03:05:00+00:00,Monterrey,Atlas,Apertura - Quarter-finals,d,25,0,0,,,29,0,0,,
813309,2021-11-26 01:00:00+00:00,Puebla,Leon,Apertura - Quarter-finals,h,25,1,2,,,29,1,1,,
813311,2021-11-26 03:05:00+00:00,Santos Laguna,Tigres UANL,Apertura - Quarter-finals,h,27,2,2,,,28,0,1,,
813306,2021-11-28 01:00:00+00:00,Club America,U.N.A.M. - Pumas,Apertura - Quarter-finals,a,36,1,1,,,25,2,3,,
813308,2021-11-28 03:05:00+00:00,Atlas,Monterrey,Apertura - Quarter-finals,d,30,1,1,,,26,0,1,,
813312,2021-11-29 00:00:00+00:00,Tigres UANL,Santos Laguna,Apertura - Quarter-finals,h,28,0,1,,,30,0,0,,
813310,2021-11-29 02:05:00+00:00,Leon,Puebla,Apertura - Quarter-finals,h,29,1,2,,,28,0,0,,
814001,2021-12-02 03:00:00+00:00,Tigres UANL,Leon,Apertura - Semi-finals,h,31,0,2,,,32,0,1,,
814003,2021-12-03 03:00:00+00:00,U.N.A.M. - Pumas,Atlas,Apertura - Semi-finals,a,28,0,0,,,31,1,1,,
814002,2021-12-05 03:00:00+00:00,Leon,Tigres UANL,Apertura - Semi-finals,h,32,1,2,,,34,1,1,,
814004,2021-12-06 01:00:00+00:00,Atlas,U.N.A.M. - Pumas,Apertura - Semi-finals,a,34,0,0,,,28,0,1,,
815205,2021-12-10 03:00:00+00:00,Leon,Atlas,Apertura - Finals,h,35,1,3,,,34,1,2,,
815206,2021-12-13 02:15:00+00:00,Atlas,Leon,Apertura - Finals,h,34,0,1,0.0,4.0,38,0,0,0.0,3.0
816329,2022-01-07 03:00:00+00:00,Atletico San Luis,Pachuca,Clausura - 1,a,20,0,0,,,18,0,2,,
816330,2022-01-08 01:00:00+00:00,FC Juarez,Necaxa,Clausura - 1,h,16,1,2,,,20,0,1,,
816331,2022-01-08 03:00:00+00:00,Puebla,Club America,Clausura - 1,d,28,1,1,,,36,1,1,,
816332,2022-01-09 01:06:00+00:00,Monterrey,Club Queretaro,Clausura - 1,d,27,0,0,,,15,0,0,,
816334,2022-01-09 03:00:00+00:00,Cruz Azul,Club Tijuana,Clausura - 1,h,23,1,2,,,15,0,0,,
816336,2022-01-10 00:00:00+00:00,Guadalajara Chivas,Mazatlán,Clausura - 1,h,23,3,3,,,20,0,0,,
816335,2022-01-11 03:00:00+00:00,U.N.A.M. - Pumas,Toluca,Clausura - 1,h,31,1,5,,,24,0,0,,
816333,2022-01-13 02:06:00+00:00,Santos Laguna,Tigres UANL,Clausura - 1,d,30,0,1,,,34,0,1,,
816338,2022-01-15 01:00:00+00:00,Club Queretaro,U.N.A.M. - Pumas,Clausura - 2,a,16,1,1,,,34,2,3,,
816339,2022-01-15 03:00:00+00:00,Necaxa,Monterrey,Clausura - 2,a,20,0,0,,,28,3,4,,
816340,2022-01-15 23:00:00+00:00,Atlas,Atletico San Luis,Clausura - 2,h,37,0,1,,,20,0,0,,
816341,2022-01-16 01:00:00+00:00,Tigres UANL,Puebla,Clausura - 2,a,35,0,0,,,29,2,2,,
816342,2022-01-16 03:00:00+00:00,Cruz Azul,FC Juarez,Clausura - 2,h,26,1,1,,,19,0,0,,
816343,2022-01-16 03:06:00+00:00,Club Tijuana,Leon,Clausura - 2,d,15,0,1,,,38,1,1,,
816344,2022-01-16 18:00:00+00:00,Toluca,Santos Laguna,Clausura - 2,h,24,1,3,,,31,1,1,,
816345,2022-01-16 23:00:00+00:00,Pachuca,Guadalajara Chivas,Clausura - 2,h,21,2,2,,,26,0,1,,
816337,2022-01-20 03:00:00+00:00,Leon,Atlas,Clausura - 1,d,39,1,1,,,40,0,1,,
816347,2022-01-21 03:00:00+00:00,Atletico San Luis,FC Juarez,Clausura - 3,a,20,0,0,,,19,0,1,,
816348,2022-01-22 03:00:00+00:00,Mazatlán,Toluca,Clausura - 3,a,20,1,1,,,27,0,2,,
816350,2022-01-22 23:00:00+00:00,Guadalajara Chivas,Club Queretaro,Clausura - 3,d,26,1,1,,,16,1,1,,
816351,2022-01-23 01:00:00+00:00,Leon,Pachuca,Clausura - 3,h,40,1,2,,,24,1,1,,
816352,2022-01-23 03:00:00+00:00,Club America,Atlas,Clausura - 3,a,37,0,0,,,41,0,2,,
816353,2022-01-23 03:06:00+00:00,Monterrey,Cruz Azul,Clausura - 3,d,31,0,2,,,29,1,2,,
816354,2022-01-23 18:00:00+00:00,U.N.A.M. - Pumas,Tigres UANL,Clausura - 3,a,37,1,1,,,35,0,2,,
816355,2022-01-24 01:00:00+00:00,Santos Laguna,Necaxa,Clausura - 3,a,31,1,1,,,20,1,4,,
816349,2022-01-29 03:00:00+00:00,Puebla,Club Tijuana,Clausura - 3,h,32,0,3,,,16,1,1,,
816356,2022-02-05 23:00:00+00:00,Necaxa,Pachuca,Clausura - 4,a,23,0,1,,,24,2,3,,
816357,2022-02-06 01:00:00+00:00,Club America,Atletico San Luis,Clausura - 4,a,37,0,2,,,20,1,3,,
816359,2022-02-06 03:06:00+00:00,Club Tijuana,U.N.A.M. - Pumas,Clausura - 4,h,16,0,1,,,37,0,0,,
816360,2022-02-06 22:00:00+00:00,Club Queretaro,Puebla,Clausura - 4,a,17,0,0,,,35,2,2,,
816361,2022-02-07 00:00:00+00:00,Atlas,Santos Laguna,Clausura - 4,h,44,2,2,,,31,0,1,,
816362,2022-02-07 02:00:00+00:00,Tigres UANL,Mazatlán,Clausura - 4,h,38,2,4,,,20,0,3,,
816363,2022-02-08 03:05:00+00:00,Leon,Cruz Azul,Clausura - 4,a,43,0,0,,,30,1,1,,
816358,2022-02-10 01:00:00+00:00,FC Juarez,Guadalajara Chivas,Clausura - 4,a,22,1,1,,,27,1,3,,
816365,2022-02-12 01:00:00+00:00,Mazatlán,Club Tijuana,Clausura - 5,h,20,1,2,,,19,0,0,,
816366,2022-02-12 03:00:00+00:00,Puebla,Atlas,Clausura - 5,d,38,0,1,,,47,0,1,,
816372,2022-02-12 23:00:00+00:00,Guadalajara Chivas,Tigres UANL,Clausura - 5,a,30,0,1,,,41,2,3,,
816367,2022-02-12 23:00:00+00:00,Atletico San Luis,Toluca,Clausura - 5,a,23,0,0,,,30,1,1,,
816368,2022-02-13 01:00:00+00:00,Cruz Azul,Necaxa,Clausura - 5,a,33,1,1,,,23,0,2,,
816369,2022-02-13 03:00:00+00:00,Santos Laguna,Club America,Clausura - 5,a,31,2,2,,,37,2,3,,
816370,2022-02-13 18:00:00+00:00,U.N.A.M. - Pumas,Leon,Clausura - 5,h,37,2,2,,,43,1,1,,
816371,2022-02-15 03:00:00+00:00,Pachuca,Club Queretaro,Clausura - 5,d,27,2,2,,,17,1,2,,
816346,2022-02-17 01:00:00+00:00,Mazatlán,Club America,Clausura - 2,h,23,2,2,,,40,0,1,,
816374,2022-02-19 01:00:00+00:00,Puebla,Monterrey,Clausura - 6,h,39,1,1,,,32,0,0,,
816375,2022-02-19 03:00:00+00:00,FC Juarez,Santos Laguna,Clausura - 6,d,22,0,0,,,31,0,0,,
816376,2022-02-19 03:06:00+00:00,Club Tijuana,Necaxa,Clausura - 6,d,19,0,1,,,26,0,1,,
816380,2022-02-19 23:00:00+00:00,Club Queretaro,Mazatlán,Clausura - 6,h,18,0,2,,,26,0,0,,
816377,2022-02-20 01:00:00+00:00,Tigres UANL,Atletico San Luis,Clausura - 6,h,44,0,2,,,23,0,1,,
816379,2022-02-20 03:00:00+00:00,Leon,Guadalajara Chivas,Clausura - 6,h,43,1,2,,,30,0,1,,
816378,2022-02-20 22:00:00+00:00,Club America,Pachuca,Clausura - 6,a,40,0,1,,,28,2,3,,
816381,2022-02-21 00:05:00+00:00,Toluca,Cruz Azul,Clausura - 6,a,33,1,1,,,33,1,4,,
816382,2022-02-21 02:00:00+00:00,Atlas,U.N.A.M. - Pumas,Clausura - 6,d,48,0,0,,,40,0,0,,
816383,2022-02-25 01:00:00+00:00,Pachuca,Mazatlán,Clausura - 7,h,31,2,3,,,26,1,1,,
816384,2022-02-25 03:05:00+00:00,Club Queretaro,Toluca,Clausura - 7,d,21,1,1,,,33,0,1,,
816385,2022-02-26 01:00:00+00:00,Necaxa,Leon,Clausura - 7,a,27,0,0,,,46,1,1,,
816387,2022-02-26 03:00:00+00:00,FC Juarez,Tigres UANL,Clausura - 7,a,23,0,2,,,47,3,3,,
816386,2022-02-26 03:06:00+00:00,Club Tijuana,Atlas,Clausura - 7,h,20,2,2,,,49,0,0,,
816389,2022-02-27 01:00:00+00:00,Guadalajara Chivas,Puebla,Clausura - 7,a,30,2,2,,,42,0,3,,
816390,2022-02-27 03:00:00+00:00,U.N.A.M. - Pumas,Club America,Clausura - 7,d,41,0,0,,,40,0,0,,
816388,2022-02-27 23:06:00+00:00,Monterrey,Atletico San Luis,Clausura - 7,a,32,0,0,,,23,1,2,,
816391,2022-02-28 01:00:00+00:00,Cruz Azul,Santos Laguna,Clausura - 7,a,36,0,1,,,32,1,2,,
816392,2022-03-02 01:00:00+00:00,Toluca,Club Tijuana,Clausura - 8,a,34,1,1,,,23,1,2,,
816393,2022-03-02 01:00:00+00:00,Puebla,FC Juarez,Clausura - 8,d,45,0,1,,,23,0,1,,
816395,2022-03-02 03:00:00+00:00,Mazatlán,Necaxa,Clausura - 8,d,26,0,0,,,27,0,0,,
816396,2022-03-02 03:00:00+00:00,Club America,Club Queretaro,Clausura - 8,d,41,1,1,,,22,0,1,,
816394,2022-03-02 03:00:00+00:00,Leon,Monterrey,Clausura - 8,d,49,0,0,,,32,0,0,,
816398,2022-03-03 01:00:00+00:00,Tigres UANL,Cruz Azul,Clausura - 8,d,50,2,2,,,36,1,2,,
816397,2022-03-03 01:00:00+00:00,Atlas,Pachuca,Clausura - 8,a,49,0,0,,,34,0,1,,
816400,2022-03-03 03:00:00+00:00,Santos Laguna,U.N.A.M. - Pumas,Clausura - 8,h,35,1,3,,,42,1,2,,
816399,2022-03-03 03:00:00+00:00,Atletico San Luis,Guadalajara Chivas,Clausura - 8,d,26,2,2,,,30,0,2,,
816401,2022-03-05 01:00:00+00:00,Necaxa,Toluca,Clausura - 9,a,28,0,0,,,34,1,1,,
816402,2022-03-05 03:00:00+00:00,FC Juarez,Leon,Clausura - 9,a,24,0,0,,,50,0,1,,
816403,2022-03-05 23:00:00+00:00,Club Queretaro,Atlas,Clausura - 9,a,23,0,0,,,49,1,1,,
816404,2022-03-06 01:06:00+00:00,Monterrey,Club America,Clausura - 9,h,33,1,2,,,42,1,1,,
816405,2022-03-06 03:00:00+00:00,Cruz Azul,Puebla,Clausura - 9,a,37,1,1,,,46,2,3,,
816406,2022-03-06 03:00:00+00:00,Guadalajara Chivas,Santos Laguna,Clausura - 9,h,31,0,1,,,38,0,0,,
816411,2022-03-12 01:00:00+00:00,Necaxa,Club Queretaro,Clausura - 10,h,28,1,1,,,23,0,0,,
816412,2022-03-12 03:00:00+00:00,FC Juarez,Atlas,Clausura - 10,a,24,0,1,,,52,1,2,,
816414,2022-03-12 03:06:00+00:00,Monterrey,Mazatlán,Clausura - 10,h,36,2,2,,,27,0,1,,
816413,2022-03-12 23:00:00+00:00,Leon,Tigres UANL,Clausura - 10,a,53,0,0,,,51,2,3,,
816415,2022-03-13 01:00:00+00:00,Cruz Azul,U.N.A.M. - Pumas,Clausura - 10,h,37,1,2,,,42,1,1,,
816416,2022-03-13 03:00:00+00:00,Guadalajara Chivas,Club America,Clausura - 10,d,34,0,0,,,42,0,0,,
816417,2022-03-13 18:00:00+00:00,Toluca,Pachuca,Clausura - 10,a,37,0,0,,,37,1,3,,
816418,2022-03-13 23:00:00+00:00,Atletico San Luis,Puebla,Clausura - 10,h,27,1,2,,,49,0,1,,
816410,2022-03-14 01:00:00+00:00,Santos Laguna,Club Tijuana,Clausura - 10,h,38,1,4,,,26,0,0,,
816373,2022-03-16 03:06:00+00:00,Monterrey,FC Juarez,Clausura - 5,h,39,0,3,,,24,0,0,,
816419,2022-03-18 03:05:00+00:00,Club Queretaro,Atletico San Luis,Clausura - 11,h,23,0,2,,,30,0,1,,
816420,2022-03-19 03:00:00+00:00,Puebla,Santos Laguna,Clausura - 11,d,49,0,2,,,41,0,2,,
816423,2022-03-19 23:00:00+00:00,U.N.A.M. - Pumas,Necaxa,Clausura - 11,a,42,0,1,,,31,2,3,,
816424,2022-03-20 01:00:00+00:00,Tigres UANL,Monterrey,Clausura - 11,h,54,0,2,,,42,0,0,,
816425,2022-03-20 03:00:00+00:00,Pachuca,Cruz Azul,Clausura - 11,h,40,1,1,,,40,0,0,,
816426,2022-03-20 23:00:00+00:00,Club America,Toluca,Clausura - 11,h,43,3,3,,,37,0,0,,
816427,2022-03-21 01:00:00+00:00,Atlas,Guadalajara Chivas,Clausura - 11,d,55,0,1,,,35,0,1,,
816422,2022-03-21 03:00:00+00:00,Mazatlán,Leon,Clausura - 11,a,27,0,1,,,53,2,2,,
816421,2022-03-21 03:06:00+00:00,Club Tijuana,FC Juarez,Clausura - 11,h,26,0,1,,,24,0,0,,
816407,2022-03-27 22:00:00+00:00,U.N.A.M. - Pumas,Mazatlán,Clausura - 9,d,42,0,1,,,27,0,1,,
816428,2022-04-02 02:00:00+00:00,Atletico San Luis,Mazatlán,Clausura - 12,h,30,0,1,,,28,0,0,,
816430,2022-04-03 01:00:00+00:00,Necaxa,Club America,Clausura - 12,a,34,0,0,,,46,0,1,,
816432,2022-04-03 03:00:00+00:00,FC Juarez,U.N.A.M. - Pumas,Clausura - 12,a,24,0,0,,,43,0,1,,
816433,2022-04-03 17:00:00+00:00,Toluca,Puebla,Clausura - 12,h,37,2,2,,,50,1,1,,
816434,2022-04-03 22:00:00+00:00,Leon,Club Queretaro,Clausura - 12,d,56,0,1,,,26,1,1,,
816429,2022-04-03 23:00:00+00:00,Cruz Azul,Atlas,Clausura - 12,h,40,1,1,,,56,0,0,,
816435,2022-04-04 00:00:00+00:00,Tigres UANL,Club Tijuana,Clausura - 12,h,57,0,2,,,29,0,0,,
816436,2022-04-04 00:00:00+00:00,Santos Laguna,Pachuca,Clausura - 12,h,42,1,3,,,43,0,1,,
816364,2022-04-07 00:00:00+00:00,Toluca,Monterrey,Clausura - 4,d,40,1,2,,,42,2,2,,
816409,2022-04-07 02:06:00+00:00,Club Tijuana,Atletico San Luis,Clausura - 9,d,29,0,1,,,33,0,1,,
816408,2022-04-08 00:00:00+00:00,Pachuca,Tigres UANL,Clausura - 9,h,43,0,2,,,60,0,1,,
816437,2022-04-08 02:00:00+00:00,Atlas,Necaxa,Clausura - 13,h,56,1,2,,,34,0,1,,
816438,2022-04-09 00:00:00+00:00,Puebla,U.N.A.M. - Pumas,Clausura - 13,d,50,2,2,,,46,1,2,,
816439,2022-04-09 02:00:00+00:00,Mazatlán,Cruz Azul,Clausura - 13,d,28,1,1,,,43,0,1,,
816440,2022-04-09 22:00:00+00:00,Atletico San Luis,Leon,Clausura - 13,h,34,1,2,,,57,0,0,,
816442,2022-04-10 00:00:00+00:00,Toluca,Guadalajara Chivas,Clausura - 13,d,41,0,1,,,36,0,1,,
816441,2022-04-10 00:06:00+00:00,Monterrey,Santos Laguna,Clausura - 13,h,43,0,1,,,45,0,0,,
816443,2022-04-10 02:00:00+00:00,Club America,FC Juarez,Clausura - 13,h,49,2,3,,,24,0,0,,
816444,2022-04-11 00:00:00+00:00,Club Queretaro,Tigres UANL,Clausura - 13,a,27,0,0,,,60,0,1,,
816445,2022-04-12 02:00:00+00:00,Pachuca,Club Tijuana,Clausura - 13,d,46,0,0,,,30,0,0,,
816431,2022-04-14 01:05:00+00:00,Guadalajara Chivas,Monterrey,Clausura - 12,a,37,1,1,,,46,1,3,,
816446,2022-04-15 02:00:00+00:00,Atlas,Mazatlán,Clausura - 14,a,59,0,1,,,29,2,2,,
816447,2022-04-16 00:00:00+00:00,Necaxa,Atletico San Luis,Clausura - 14,h,34,3,4,,,37,1,2,,
816449,2022-04-16 02:00:00+00:00,FC Juarez,Pachuca,Clausura - 14,a,24,1,1,,,47,1,2,,
816448,2022-04-16 02:06:00+00:00,Club Tijuana,Club America,Clausura - 14,a,31,1,1,,,52,2,3,,
816450,2022-04-16 22:00:00+00:00,Leon,Puebla,Clausura - 14,a,57,0,0,,,51,1,1,,
816452,2022-04-17 00:00:00+00:00,Tigres UANL,Toluca,Clausura - 14,h,63,0,3,,,42,0,0,,
816451,2022-04-17 00:00:00+00:00,Santos Laguna,Club Queretaro,Clausura - 14,d,45,0,1,,,27,0,1,,
816453,2022-04-17 02:00:00+00:00,Cruz Azul,Guadalajara Chivas,Clausura - 14,a,44,0,0,,,37,0,1,,
816454,2022-04-17 17:00:00+00:00,U.N.A.M. - Pumas,Monterrey,Clausura - 14,h,47,0,2,,,49,0,0,,
816456,2022-04-20 00:00:00+00:00,Necaxa,Tigres UANL,Clausura - 15,h,37,2,2,,,66,0,0,,
816455,2022-04-20 00:00:00+00:00,Pachuca,Puebla,Clausura - 15,h,50,1,1,,,54,0,0,,
816457,2022-04-20 02:00:00+00:00,Mazatlán,Santos Laguna,Clausura - 15,h,32,1,1,,,46,0,0,,
816459,2022-04-20 02:00:00+00:00,Guadalajara Chivas,Club Tijuana,Clausura - 15,h,40,1,2,,,31,1,1,,
816458,2022-04-20 02:00:00+00:00,Toluca,FC Juarez,Clausura - 15,a,42,0,0,,,24,0,1,,
816460,2022-04-21 00:00:00+00:00,Atletico San Luis,U.N.A.M. - Pumas,Clausura - 15,h,37,1,2,,,50,0,0,,
816461,2022-04-21 02:00:00+00:00,Club America,Leon,Clausura - 15,h,55,1,2,,,57,0,0,,
816462,2022-04-21 02:06:00+00:00,Monterrey,Atlas,Clausura - 15,d,49,0,0,,,59,0,0,,
816463,2022-04-22 02:00:00+00:00,Club Queretaro,Cruz Azul,Clausura - 15,a,28,0,0,,,44,0,1,,
816464,2022-04-23 00:00:00+00:00,Puebla,Necaxa,Clausura - 16,a,54,0,0,,,40,0,1,,
816465,2022-04-23 02:00:00+00:00,FC Juarez,Mazatlán,Clausura - 16,a,27,0,0,,,35,1,2,,
816466,2022-04-23 22:00:00+00:00,Pachuca,Monterrey,Clausura - 16,h,53,1,3,,,50,0,0,,
816467,2022-04-24 00:00:00+00:00,Tigres UANL,Club America,Clausura - 16,a,66,0,0,,,58,1,2,,
816468,2022-04-24 02:00:00+00:00,Guadalajara Chivas,U.N.A.M. - Pumas,Clausura - 16,h,43,2,3,,,50,0,1,,
816469,2022-04-24 17:00:00+00:00,Toluca,Atlas,Clausura - 16,a,42,1,2,,,60,2,4,,
816470,2022-04-24 22:00:00+00:00,Cruz Azul,Atletico San Luis,Clausura - 16,a,47,0,0,,,40,1,1,,
816471,2022-04-25 00:00:00+00:00,Santos Laguna,Leon,Clausura - 16,d,46,0,1,,,57,0,1,,
816472,2022-04-25 02:06:00+00:00,Club Tijuana,Club Queretaro,Clausura - 16,d,31,2,2,,,28,0,2,,
816473,2022-04-30 00:00:00+00:00,Necaxa,Guadalajara Chivas,Clausura - 17,a,43,0,0,,,46,0,1,,
816474,2022-04-30 02:05:00+00:00,Mazatlán,Puebla,Clausura - 17,h,38,0,2,,,54,0,1,,
816475,2022-04-30 22:00:00+00:00,Club Queretaro,FC Juarez,Clausura - 17,h,29,2,4,,,27,0,0,,
816476,2022-05-01 00:00:00+00:00,Atlas,Tigres UANL,Clausura - 17,d,63,0,1,,,66,0,1,,
816477,2022-05-01 00:06:00+00:00,Monterrey,Club Tijuana,Clausura - 17,h,50,1,2,,,32,0,0,,
816478,2022-05-01 02:00:00+00:00,Club America,Cruz Azul,Clausura - 17,d,61,0,0,,,47,0,0,,
816479,2022-05-01 17:00:00+00:00,U.N.A.M. - Pumas,Pachuca,Clausura - 17,h,50,0,2,,,56,0,0,,
816480,2022-05-01 21:00:00+00:00,Atletico San Luis,Santos Laguna,Clausura - 17,a,43,0,1,,,47,0,3,,
816481,2022-05-02 01:06:00+00:00,Leon,Toluca,Clausura - 17,d,58,3,4,,,42,3,4,,
860911,2022-05-07 22:45:00+00:00,Cruz Azul,Necaxa,Clausura - Reclasificacion,d,48,0,1,0.0,3.0,43,0,1,0.0,1.0
860912,2022-05-08 01:06:00+00:00,Monterrey,Atletico San Luis,Clausura - Reclasificacion,d,53,1,2,0.0,1.0,43,0,2,0.0,3.0
860913,2022-05-08 22:00:00+00:00,Puebla,Mazatlán,Clausura - Reclasificacion,d,54,2,2,0.0,3.0,41,1,2,0.0,1.0
860914,2022-05-09 00:15:00+00:00,Guadalajara Chivas,U.N.A.M. - Pumas,Clausura - Reclasificacion,h,49,1,4,,,53,1,1,,
861500,2022-05-12 00:00:00+00:00,Atletico San Luis,Pachuca,Clausura - Quarter-finals,d,44,1,2,,,56,1,2,,
861502,2022-05-12 02:05:00+00:00,Puebla,Club America,Clausura - Quarter-finals,d,55,0,1,,,62,0,1,,
861504,2022-05-13 00:00:00+00:00,Cruz Azul,Tigres UANL,Clausura - Quarter-finals,a,49,0,0,,,67,1,1,,
861506,2022-05-13 02:05:00+00:00,Guadalajara Chivas,Atlas,Clausura - Quarter-finals,a,52,0,1,,,64,2,2,,
861503,2022-05-14 23:00:00+00:00,Club America,Puebla,Clausura - Quarter-finals,h,63,1,3,,,56,1,2,,
861501,2022-05-15 01:05:00+00:00,Pachuca,Atletico San Luis,Clausura - Quarter-finals,h,57,0,3,,,45,0,2,,
861507,2022-05-15 23:00:00+00:00,Atlas,Guadalajara Chivas,Clausura - Quarter-finals,d,67,1,1,,,52,0,1,,
861505,2022-05-16 01:05:00+00:00,Tigres UANL,Cruz Azul,Clausura - Quarter-finals,a,70,0,0,,,49,1,1,,
862203,2022-05-19 02:00:00+00:00,Atlas,Tigres UANL,Clausura - Semi-finals,h,68,1,3,,,70,0,0,,
862205,2022-05-20 01:00:00+00:00,Club America,Pachuca,Clausura - Semi-finals,d,66,0,1,,,60,0,1,,
862204,2022-05-22 01:00:00+00:00,Tigres UANL,Atlas,Clausura - Semi-finals,h,70,0,4,,,71,1,2,,
862206,2022-05-23 01:06:00+00:00,Pachuca,Club America,Clausura - Semi-finals,h,61,2,3,,,67,0,0,,
862941,2022-05-27 02:00:00+00:00,Atlas,Pachuca,Clausura - Finals,h,71,1,2,,,64,0,0,,
862942,2022-05-30 01:10:00+00:00,Pachuca,Atlas,Clausura - Finals,h,64,2,2,,,74,1,1,,
864095,2022-07-02 02:05:00+00:00,Mazatlán,Puebla,Apertura - 1,a,42,0,2,,,56,2,4,,
864096,2022-07-02 22:00:00+00:00,Guadalajara Chivas,FC Juarez,Apertura - 1,d,53,0,0,,,27,0,0,,
864094,2022-07-02 22:00:00+00:00,Necaxa,Toluca,Apertura - 1,a,44,1,1,,,43,2,3,,
864097,2022-07-03 00:05:00+00:00,Tigres UANL,Cruz Azul,Apertura - 1,a,73,0,2,,,52,1,3,,
864098,2022-07-03 02:05:00+00:00,Club America,Atlas,Apertura - 1,d,67,0,0,,,74,0,0,,
864099,2022-07-03 17:00:00+00:00,U.N.A.M. - Pumas,Club Tijuana,Apertura - 1,d,53,0,1,,,32,1,1,,
864100,2022-07-03 22:00:00+00:00,Atletico San Luis,Leon,Apertura - 1,a,45,0,1,,,59,1,2,,
864101,2022-07-04 00:05:00+00:00,Santos Laguna,Monterrey,Apertura - 1,h,50,2,4,,,54,2,3,,
864102,2022-07-05 02:00:00+00:00,Pachuca,Club Queretaro,Apertura - 1,h,67,1,2,,,32,0,0,,
864103,2022-07-09 00:00:00+00:00,Mazatlán,Tigres UANL,Apertura - 2,a,42,0,0,,,73,1,1,,
864105,2022-07-09 02:05:00+00:00,Club Tijuana,FC Juarez,Apertura - 2,a,33,0,0,,,28,0,2,,
864104,2022-07-09 02:05:00+00:00,Puebla,Santos Laguna,Apertura - 2,h,59,1,1,,,53,0,0,,
864111,2022-07-10 00:00:00+00:00,Leon,U.N.A.M. - Pumas,Apertura - 2,d,62,0,3,,,54,2,3,,
864106,2022-07-10 00:05:00+00:00,Guadalajara Chivas,Atletico San Luis,Apertura - 2,a,54,0,0,,,45,1,1,,
864108,2022-07-10 02:05:00+00:00,Monterrey,Club America,Apertura - 2,h,54,1,3,,,68,2,2,,
864107,2022-07-10 02:05:00+00:00,Cruz Azul,Pachuca,Apertura - 2,a,55,0,1,,,70,2,2,,
864109,2022-07-10 17:00:00+00:00,Toluca,Atlas,Apertura - 2,h,46,3,3,,,75,1,2,,
864110,2022-07-10 22:00:00+00:00,Club Queretaro,Necaxa,Apertura - 2,a,32,1,1,,,44,1,2,,
864112,2022-07-14 02:00:00+00:00,Club America,Toluca,Apertura - 3,h,68,0,1,,,49,0,0,,
864113,2022-07-16 00:00:00+00:00,Puebla,Leon,Apertura - 3,d,62,1,1,,,63,0,1,,
864114,2022-07-16 02:05:00+00:00,FC Juarez,Club Queretaro,Apertura - 3,d,31,1,1,,,32,1,1,,
864115,2022-07-16 22:00:00+00:00,Atlas,Cruz Azul,Apertura - 3,h,75,1,3,,,55,1,2,,
864116,2022-07-17 00:05:00+00:00,Santos Laguna,Guadalajara Chivas,Apertura - 3,d,53,0,1,,,54,0,1,,
864117,2022-07-17 17:00:00+00:00,U.N.A.M. - Pumas,Necaxa,Apertura - 3,h,55,1,1,,,47,0,0,,
864118,2022-07-17 22:00:00+00:00,Atletico San Luis,Monterrey,Apertura - 3,a,48,0,0,,,57,0,1,,
864119,2022-07-18 00:00:00+00:00,Tigres UANL,Club Tijuana,Apertura - 3,h,76,0,1,,,33,0,0,,
864120,2022-07-19 00:00:00+00:00,Pachuca,Mazatlán,Apertura - 3,d,73,0,1,,,42,0,1,,
864121,2022-07-21 02:05:00+00:00,Guadalajara Chivas,Leon,Apertura - 4,d,55,0,0,,,64,0,0,,
864122,2022-07-22 02:00:00+00:00,Club Queretaro,Monterrey,Apertura - 4,a,33,0,0,,,60,1,3,,
864123,2022-07-23 00:00:00+00:00,Mazatlán,Atletico San Luis,Apertura - 4,d,43,1,1,,,48,1,1,,
864124,2022-07-23 02:05:00+00:00,Necaxa,FC Juarez,Apertura - 4,h,47,1,1,,,32,0,0,,
864125,2022-07-23 22:00:00+00:00,Toluca,Santos Laguna,Apertura - 4,h,49,2,2,,,54,0,1,,
864126,2022-07-24 00:05:00+00:00,Cruz Azul,Puebla,Apertura - 4,d,55,2,2,,,63,2,2,,
864128,2022-07-24 01:00:00+00:00,Club Tijuana,Club America,Apertura - 4,h,33,1,2,,,71,0,0,,
864127,2022-07-24 02:05:00+00:00,Tigres UANL,Atlas,Apertura - 4,h,79,2,2,,,78,0,0,,
864129,2022-07-25 00:00:00+00:00,Pachuca,U.N.A.M. - Pumas,Apertura - 4,d,74,0,0,,,58,0,0,,
864131,2022-07-27 00:00:00+00:00,Monterrey,Puebla,Apertura - 5,h,63,1,1,,,64,0,0,,
864130,2022-07-27 00:00:00+00:00,Atlas,Club Tijuana,Apertura - 5,a,78,1,1,,,36,2,2,,
864132,2022-07-27 00:00:00+00:00,FC Juarez,Tigres UANL,Apertura - 5,a,32,0,0,,,82,1,1,,
864134,2022-07-27 02:05:00+00:00,Leon,Toluca,Apertura - 5,a,65,0,0,,,52,0,1,,
864133,2022-07-27 02:05:00+00:00,Atletico San Luis,Cruz Azul,Apertura - 5,d,49,0,0,,,56,0,0,,
864135,2022-07-28 00:00:00+00:00,Club Queretaro,Guadalajara Chivas,Apertura - 5,d,33,1,2,,,56,1,2,,
864136,2022-07-28 00:00:00+00:00,Necaxa,Pachuca,Apertura - 5,h,50,1,2,,,75,0,0,,
864137,2022-07-28 02:05:00+00:00,U.N.A.M. - Pumas,Mazatlán,Apertura - 5,d,59,0,1,,,44,0,1,,
864139,2022-07-30 02:05:00+00:00,FC Juarez,Toluca,Apertura - 6,d,32,0,1,,,55,0,1,,
864140,2022-07-30 22:00:00+00:00,Cruz Azul,Necaxa,Apertura - 6,h,57,1,1,,,53,0,0,,
864141,2022-07-31 00:05:00+00:00,Tigres UANL,Club Queretaro,Apertura - 6,h,85,1,2,,,34,1,1,,
864142,2022-07-31 02:05:00+00:00,Guadalajara Chivas,Pachuca,Apertura - 6,d,57,0,0,,,75,0,0,,
864144,2022-07-31 02:05:00+00:00,Club Tijuana,Mazatlán,Apertura - 6,h,39,0,2,,,45,0,0,,
864143,2022-07-31 02:05:00+00:00,Puebla,Atletico San Luis,Apertura - 6,d,64,0,0,,,50,0,0,,
864145,2022-07-31 17:00:00+00:00,U.N.A.M. - Pumas,Monterrey,Apertura - 6,d,60,1,1,,,66,1,1,,
864146,2022-08-01 00:05:00+00:00,Santos Laguna,Atlas,Apertura - 6,h,54,0,1,,,78,0,0,,
864147,2022-08-01 02:05:00+00:00,Leon,Club America,Apertura - 6,h,65,1,3,,,71,1,2,,
864229,2022-08-03 01:00:00+00:00,Toluca,Puebla,Apertura - 16,d,56,0,1,,,65,1,1,,
864230,2022-08-04 00:00:00+00:00,FC Juarez,Atletico San Luis,Apertura - 16,d,33,0,1,,,51,1,1,,
864148,2022-08-05 02:00:00+00:00,Atlas,Club Queretaro,Apertura - 7,h,78,0,3,,,34,1,1,,
864150,2022-08-06 02:05:00+00:00,Mazatlán,Guadalajara Chivas,Apertura - 7,h,45,0,2,,,58,0,1,,
864151,2022-08-07 00:05:00+00:00,Monterrey,Leon,Apertura - 7,h,67,3,5,,,68,0,1,,
864153,2022-08-07 02:05:00+00:00,Santos Laguna,Cruz Azul,Apertura - 7,h,57,1,4,,,60,0,0,,
864154,2022-08-07 17:00:00+00:00,Toluca,Club Tijuana,Apertura - 7,h,57,1,3,,,42,1,1,,
864155,2022-08-07 21:00:00+00:00,Atletico San Luis,Necaxa,Apertura - 7,a,52,1,1,,,53,2,2,,
864156,2022-08-07 23:05:00+00:00,Pachuca,Tigres UANL,Apertura - 7,h,76,1,2,,,88,0,0,,
864152,2022-08-08 01:05:00+00:00,Club America,FC Juarez,Apertura - 7,h,71,0,2,,,34,0,1,,
864157,2022-08-12 02:00:00+00:00,Club Queretaro,Atletico San Luis,Apertura - 8,d,34,0,1,,,52,0,1,,
864158,2022-08-13 02:00:00+00:00,Necaxa,Monterrey,Apertura - 8,a,56,1,1,,,70,0,2,,
864159,2022-08-13 02:05:00+00:00,Club Tijuana,Puebla,Apertura - 8,d,42,1,3,,,66,1,3,,
864161,2022-08-13 22:00:00+00:00,Leon,Mazatlán,Apertura - 8,a,68,0,0,,,48,3,3,,
864162,2022-08-14 00:05:00+00:00,U.N.A.M. - Pumas,Club America,Apertura - 8,a,61,0,0,,,74,1,3,,
864163,2022-08-14 02:05:00+00:00,Guadalajara Chivas,Atlas,Apertura - 8,d,58,0,1,,,81,0,1,,
864164,2022-08-14 22:00:00+00:00,Cruz Azul,Toluca,Apertura - 8,a,60,1,2,,,60,2,3,,
864165,2022-08-15 00:05:00+00:00,Tigres UANL,Santos Laguna,Apertura - 8,h,88,1,2,,,60,0,0,,
864166,2022-08-17 00:00:00+00:00,Atlas,FC Juarez,Apertura - 9,a,82,0,0,,,34,0,1,,
864167,2022-08-17 01:00:00+00:00,Mazatlán,Club Queretaro,Apertura - 9,d,51,0,1,,,35,0,1,,
864168,2022-08-17 02:05:00+00:00,Puebla,Necaxa,Apertura - 9,d,67,1,2,,,56,0,2,,
864169,2022-08-18 00:00:00+00:00,Toluca,Monterrey,Apertura - 9,d,63,1,1,,,73,0,1,,
864171,2022-08-18 02:05:00+00:00,Pachuca,Club America,Apertura - 9,a,79,0,0,,,77,1,3,,
864170,2022-08-18 02:05:00+00:00,Cruz Azul,Club Tijuana,Apertura - 9,a,60,1,1,,,43,1,2,,
864172,2022-08-19 00:05:00+00:00,Santos Laguna,Leon,Apertura - 9,h,60,1,2,,,68,1,1,,
864173,2022-08-19 02:05:00+00:00,Atletico San Luis,U.N.A.M. - Pumas,Apertura - 9,h,53,1,3,,,61,2,2,,
864175,2022-08-20 00:00:00+00:00,Necaxa,Guadalajara Chivas,Apertura - 10,a,57,0,0,,,59,2,4,,
864177,2022-08-20 22:00:00+00:00,Club Queretaro,Club Tijuana,Apertura - 10,h,36,1,2,,,46,0,0,,
864179,2022-08-21 00:05:00+00:00,Monterrey,Tigres UANL,Apertura - 10,d,74,0,0,,,91,0,0,,
864178,2022-08-21 00:05:00+00:00,Atlas,Puebla,Apertura - 10,d,82,1,1,,,68,1,1,,
864176,2022-08-21 02:05:00+00:00,FC Juarez,Mazatlán,Apertura - 10,d,37,0,1,,,52,1,1,,
864180,2022-08-21 02:05:00+00:00,Club America,Cruz Azul,Apertura - 10,h,80,3,7,,,60,0,0,,
864181,2022-08-21 17:00:00+00:00,U.N.A.M. - Pumas,Santos Laguna,Apertura - 10,a,61,0,1,,,63,3,5,,
864182,2022-08-21 22:00:00+00:00,Atletico San Luis,Toluca,Apertura - 10,h,56,1,1,,,64,0,0,,
864183,2022-08-22 00:05:00+00:00,Pachuca,Leon,Apertura - 10,h,79,0,1,,,68,0,0,,
864231,2022-08-24 00:05:00+00:00,Guadalajara Chivas,Monterrey,Apertura - 16,h,62,0,1,,,75,0,0,,
864232,2022-08-24 02:05:00+00:00,Club Queretaro,Club America,Apertura - 16,a,39,0,0,,,83,0,1,,
864234,2022-08-25 02:05:00+00:00,U.N.A.M. - Pumas,Tigres UANL,Apertura - 16,d,61,0,1,,,92,0,1,,
864235,2022-08-26 00:05:00+00:00,Pachuca,Atlas,Apertura - 16,h,82,0,3,,,83,0,1,,
864236,2022-08-26 02:05:00+00:00,Club Tijuana,Santos Laguna,Apertura - 16,a,46,0,0,,,66,0,2,,
864184,2022-08-27 00:00:00+00:00,Puebla,FC Juarez,Apertura - 11,d,69,1,2,,,38,1,2,,
864185,2022-08-27 02:05:00+00:00,Mazatlán,Club America,Apertura - 11,a,53,1,1,,,86,2,3,,
864186,2022-08-27 22:00:00+00:00,Cruz Azul,Club Queretaro,Apertura - 11,h,60,1,2,,,39,0,1,,
864187,2022-08-28 00:05:00+00:00,Tigres UANL,Necaxa,Apertura - 11,d,93,0,0,,,57,0,0,,
864188,2022-08-28 02:05:00+00:00,Guadalajara Chivas,U.N.A.M. - Pumas,Apertura - 11,h,65,3,3,,,62,1,1,,
864189,2022-08-28 17:00:00+00:00,Toluca,Pachuca,Apertura - 11,a,64,0,1,,,85,2,4,,
864191,2022-08-29 00:00:00+00:00,Leon,Atlas,Apertura - 11,h,68,1,4,,,83,1,2,,
864190,2022-08-29 00:05:00+00:00,Santos Laguna,Atletico San Luis,Apertura - 11,h,69,1,4,,,59,0,1,,
864192,2022-08-29 02:05:00+00:00,Club Tijuana,Monterrey,Apertura - 11,a,46,0,0,,,75,0,3,,
864193,2022-09-02 00:00:00+00:00,Atletico San Luis,Club Tijuana,Apertura - 12,d,59,0,0,,,46,0,0,,
864194,2022-09-02 02:05:00+00:00,Club Queretaro,Puebla,Apertura - 12,d,39,1,1,,,70,0,1,,
864195,2022-09-03 00:00:00+00:00,Necaxa,Leon,Apertura - 12,h,58,3,3,,,71,0,2,,
864196,2022-09-03 02:05:00+00:00,FC Juarez,Cruz Azul,Apertura - 12,d,39,0,2,,,63,2,2,,
864197,2022-09-03 22:05:00+00:00,Pachuca,Santos Laguna,Apertura - 12,h,88,0,2,,,72,0,0,,
864198,2022-09-04 00:05:00+00:00,Monterrey,Mazatlán,Apertura - 12,d,78,0,0,,,53,0,0,,
864199,2022-09-04 00:05:00+00:00,Atlas,U.N.A.M. - Pumas,Apertura - 12,d,83,0,0,,,62,0,0,,
864200,2022-09-04 02:05:00+00:00,Club America,Tigres UANL,Apertura - 12,h,89,2,2,,,94,1,1,,
864201,2022-09-04 22:00:00+00:00,Toluca,Guadalajara Chivas,Apertura - 12,d,64,0,0,,,68,0,0,,
864202,2022-09-07 00:00:00+00:00,Leon,FC Juarez,Apertura - 13,h,71,0,1,,,40,0,0,,
864203,2022-09-07 00:05:00+00:00,Santos Laguna,Necaxa,Apertura - 13,h,72,1,3,,,61,0,1,,
864204,2022-09-07 02:05:00+00:00,Monterrey,Cruz Azul,Apertura - 13,h,79,2,3,,,64,1,2,,
864205,2022-09-07 02:05:00+00:00,Club America,Atletico San Luis,Apertura - 13,h,92,1,3,,,60,0,0,,
864206,2022-09-08 00:00:00+00:00,Puebla,Pachuca,Apertura - 13,d,71,1,2,,,91,0,2,,
864207,2022-09-08 00:00:00+00:00,Tigres UANL,Toluca,Apertura - 13,h,94,1,3,,,65,0,1,,
864210,2022-09-08 02:00:00+00:00,Mazatlán,Atlas,Apertura - 13,h,54,1,1,,,84,0,0,,
864209,2022-09-08 02:05:00+00:00,Club Tijuana,Guadalajara Chivas,Apertura - 13,a,47,0,1,,,69,0,2,,
864208,2022-09-08 02:05:00+00:00,U.N.A.M. - Pumas,Club Queretaro,Apertura - 13,h,63,1,4,,,40,1,1,,
864212,2022-09-10 02:05:00+00:00,FC Juarez,Monterrey,Apertura - 14,a,40,0,0,,,82,0,1,,
864213,2022-09-10 22:00:00+00:00,Club Queretaro,Santos Laguna,Apertura - 14,d,40,2,3,,,75,1,3,,
864211,2022-09-11 00:00:00+00:00,Necaxa,Club America,Apertura - 14,a,61,1,1,,,95,0,2,,
864214,2022-09-11 00:05:00+00:00,Tigres UANL,Leon,Apertura - 14,a,97,0,0,,,74,1,1,,
864216,2022-09-11 02:05:00+00:00,Guadalajara Chivas,Puebla,Apertura - 14,h,72,0,1,,,72,0,0,,
864215,2022-09-11 02:05:00+00:00,Toluca,U.N.A.M. - Pumas,Apertura - 14,d,65,0,2,,,66,1,2,,
864217,2022-09-11 21:00:00+00:00,Cruz Azul,Mazatlán,Apertura - 14,h,64,2,2,,,57,0,0,,
864218,2022-09-11 23:05:00+00:00,Atlas,Atletico San Luis,Apertura - 14,a,84,1,1,,,60,0,3,,
864219,2022-09-12 01:05:00+00:00,Pachuca,Club Tijuana,Apertura - 14,h,92,2,6,,,47,0,1,,
864174,2022-09-14 02:05:00+00:00,Guadalajara Chivas,Tigres UANL,Apertura - 9,a,75,0,1,,,97,2,4,,
864138,2022-09-15 02:05:00+00:00,Club America,Santos Laguna,Apertura - 5,d,98,1,3,,,76,2,3,,
864160,2022-09-15 02:05:00+00:00,FC Juarez,Pachuca,Apertura - 8,h,40,2,2,,,95,1,1,,
864233,2022-09-16 00:00:00+00:00,Cruz Azul,Leon,Apertura - 16,h,67,0,2,,,77,0,1,,
864220,2022-09-17 00:00:00+00:00,Puebla,Tigres UANL,Apertura - 15,h,72,2,2,,,100,1,1,,
864221,2022-09-17 02:00:00+00:00,Mazatlán,Toluca,Apertura - 15,d,57,1,1,,,66,0,1,,
864223,2022-09-18 00:05:00+00:00,Monterrey,Atlas,Apertura - 15,h,85,0,2,,,84,0,0,,
864224,2022-09-18 01:00:00+00:00,Club America,Guadalajara Chivas,Apertura - 15,h,99,1,2,,,75,0,1,,
864225,2022-09-18 22:00:00+00:00,U.N.A.M. - Pumas,Cruz Azul,Apertura - 15,a,67,0,1,,,70,2,2,,
864226,2022-09-19 00:05:00+00:00,Santos Laguna,FC Juarez,Apertura - 15,h,77,1,2,,,43,0,0,,
864227,2022-09-19 00:05:00+00:00,Leon,Club Queretaro,Apertura - 15,h,77,2,3,,,41,1,1,,
864222,2022-09-19 02:00:00+00:00,Atletico San Luis,Pachuca,Apertura - 15,a,63,1,1,,,95,1,2,,
864228,2022-09-19 02:05:00+00:00,Club Tijuana,Necaxa,Apertura - 15,d,47,1,1,,,61,1,1,,
864237,2022-09-24 00:00:00+00:00,Necaxa,Mazatlán,Apertura - 16,d,62,1,2,,,58,2,2,,
864149,2022-09-24 02:05:00+00:00,Puebla,U.N.A.M. - Pumas,Apertura - 7,h,75,2,2,,,67,0,1,,
864238,2022-10-01 00:00:00+00:00,Puebla,Club America,Apertura - 17,a,78,0,1,,,102,1,2,,
864239,2022-10-01 02:00:00+00:00,FC Juarez,U.N.A.M. - Pumas,Apertura - 17,h,43,2,3,,,67,1,1,,
864240,2022-10-01 22:00:00+00:00,Atletico San Luis,Tigres UANL,Apertura - 17,a,63,0,0,,,100,0,3,,
864241,2022-10-01 22:05:00+00:00,Monterrey,Pachuca,Apertura - 17,d,88,0,0,,,98,0,0,,
864242,2022-10-02 00:05:00+00:00,Atlas,Necaxa,Apertura - 17,h,84,0,1,,,63,0,0,,
864243,2022-10-02 02:05:00+00:00,Cruz Azul,Guadalajara Chivas,Apertura - 17,h,73,1,2,,,75,0,1,,
864244,2022-10-02 17:00:00+00:00,Toluca,Club Queretaro,Apertura - 17,h,67,2,4,,,41,0,1,,
864245,2022-10-02 23:05:00+00:00,Santos Laguna,Mazatlán,Apertura - 17,h,80,0,3,,,59,0,0,,
864246,2022-10-03 01:00:00+00:00,Leon,Club Tijuana,Apertura - 17,d,80,0,2,,,48,0,2,,
963835,2022-10-09 00:00:00+00:00,Tigres UANL,Necaxa,Apertura - Reclasificación,h,103,0,2,,,63,0,0,,
963837,2022-10-09 02:15:00+00:00,Cruz Azul,Leon,Apertura - Reclasificación,h,76,0,1,,,81,0,0,,
963836,2022-10-09 17:00:00+00:00,Toluca,FC Juarez,Apertura - Reclasificación,h,70,1,3,,,46,0,0,,
963838,2022-10-09 21:30:00+00:00,Puebla,Guadalajara Chivas,Apertura - Reclasificación,d,78,0,1,0.0,5.0,75,0,1,0.0,4.0
965507,2022-10-13 00:06:00+00:00,Puebla,Club America,Apertura - Quarter-finals,a,79,1,1,,,105,2,6,,
965503,2022-10-13 02:06:00+00:00,Cruz Azul,Monterrey,Apertura - Quarter-finals,d,79,0,0,,,89,0,0,,
965505,2022-10-14 00:06:00+00:00,Toluca,Santos Laguna,Apertura - Quarter-finals,h,73,2,4,,,83,2,3,,
965509,2022-10-14 02:06:00+00:00,Tigres UANL,Pachuca,Apertura - Quarter-finals,h,106,0,1,,,99,0,0,,
965508,2022-10-16 01:06:00+00:00,Club America,Puebla,Apertura - Quarter-finals,h,108,2,5,,,79,1,1,,
965504,2022-10-16 23:06:00+00:00,Monterrey,Cruz Azul,Apertura - Quarter-finals,h,90,1,3,,,80,0,0,,
965506,2022-10-17 00:06:00+00:00,Santos Laguna,Toluca,Apertura - Quarter-finals,a,83,0,1,,,76,0,2,,
965510,2022-10-17 02:06:00+00:00,Pachuca,Tigres UANL,Apertura - Quarter-finals,h,99,1,2,,,109,0,1,,
967071,2022-10-20 02:06:00+00:00,Toluca,Club America,Apertura - Semi-finals,h,79,2,2,,,111,0,1,,
967073,2022-10-21 02:06:00+00:00,Pachuca,Monterrey,Apertura - Semi-finals,h,102,2,5,,,93,2,2,,
967072,2022-10-23 01:06:00+00:00,Club America,Toluca,Apertura - Semi-finals,d,111,1,1,,,82,1,1,,
967074,2022-10-24 01:06:00+00:00,Monterrey,Pachuca,Apertura - Semi-finals,a,93,0,0,,,105,0,1,,
968247,2022-10-28 01:06:00+00:00,Toluca,Pachuca,Apertura - Final,a,83,0,1,,,108,4,5,,
968248,2022-10-31 01:36:00+00:00,Pachuca,Toluca,Apertura - Final,h,111,1,3,,,83,1,1,,
973610,2023-01-07 01:00:00+00:00,Necaxa,Atletico San Luis,Clausura - 1,a,63,0,2,,,63,0,3,,
973612,2023-01-07 23:00:00+00:00,Club America,Club Queretaro,Clausura - 1,d,112,0,0,,,41,0,0,,
973614,2023-01-08 03:10:00+00:00,Monterrey,Guadalajara Chivas,Clausura - 1,a,93,0,0,,,76,0,1,,
973615,2023-01-08 18:00:00+00:00,U.N.A.M. - Pumas,FC Juarez,Clausura - 1,h,67,0,2,,,46,1,1,,
973616,2023-01-09 01:00:00+00:00,Santos Laguna,Tigres UANL,Clausura - 1,a,83,0,0,,,109,1,3,,
973618,2023-01-09 03:10:00+00:00,Club Tijuana,Cruz Azul,Clausura - 1,d,49,1,1,,,80,0,1,,
973617,2023-01-10 03:10:00+00:00,Pachuca,Puebla,Clausura - 1,h,114,2,5,,,79,1,1,,
973619,2023-01-13 03:00:00+00:00,Atlas,Mazatlán,Clausura - 2,h,87,0,2,,,59,0,1,,
973620,2023-01-14 01:05:00+00:00,Atletico San Luis,Guadalajara Chivas,Clausura - 2,d,66,0,0,,,79,0,0,,
973621,2023-01-14 03:05:00+00:00,Puebla,Club Queretaro,Clausura - 2,h,79,1,2,,,42,0,0,,
973622,2023-01-14 23:00:00+00:00,Cruz Azul,Monterrey,Clausura - 2,a,81,1,2,,,93,1,3,,
973623,2023-01-15 01:05:00+00:00,Toluca,Club America,Clausura - 2,d,83,2,2,,,113,1,2,,
973625,2023-01-15 01:05:00+00:00,FC Juarez,Club Tijuana,Clausura - 2,h,46,2,3,,,50,0,0,,
973624,2023-01-15 03:10:00+00:00,Santos Laguna,U.N.A.M. - Pumas,Clausura - 2,h,83,1,3,,,70,0,0,,
973626,2023-01-16 01:05:00+00:00,Tigres UANL,Pachuca,Clausura - 2,h,112,1,4,,,117,1,1,,
973627,2023-01-17 03:05:00+00:00,Leon,Necaxa,Clausura - 2,h,81,0,2,,,63,1,1,,
974323,2023-01-21 03:00:00+00:00,Mazatlán,Santos Laguna,Clausura - 3,a,59,0,1,,,86,1,2,,
974324,2023-01-21 03:10:00+00:00,Club Tijuana,Tigres UANL,Clausura - 3,d,50,1,1,,,115,0,1,,
974326,2023-01-22 01:10:00+00:00,Club America,Puebla,Clausura - 3,d,114,1,2,,,82,0,2,,
974328,2023-01-22 03:10:00+00:00,Necaxa,Cruz Azul,Clausura - 3,h,63,1,1,,,81,0,0,,
974327,2023-01-22 03:10:00+00:00,Guadalajara Chivas,Toluca,Clausura - 3,a,80,1,1,,,84,0,2,,
974329,2023-01-22 18:00:00+00:00,U.N.A.M. - Pumas,Leon,Clausura - 3,h,70,2,4,,,84,1,1,,
974330,2023-01-22 23:00:00+00:00,Club Queretaro,Atlas,Clausura - 3,d,42,2,3,,,90,2,3,,
974325,2023-01-22 23:06:00+00:00,Monterrey,Atletico San Luis,Clausura - 3,h,96,2,3,,,67,0,1,,
974331,2023-01-23 01:10:00+00:00,Pachuca,FC Juarez,Clausura - 3,h,117,1,4,,,49,0,1,,
974332,2023-01-27 03:05:00+00:00,Atlas,Santos Laguna,Clausura - 4,d,91,0,2,,,89,1,2,,
974333,2023-01-28 01:05:00+00:00,Puebla,Monterrey,Clausura - 4,a,83,1,1,,,99,0,2,,
974334,2023-01-28 03:05:00+00:00,Club Tijuana,U.N.A.M. - Pumas,Clausura - 4,d,51,0,0,,,73,0,0,,
974336,2023-01-29 01:05:00+00:00,Tigres UANL,Atletico San Luis,Clausura - 4,d,116,0,0,,,67,0,0,,
974338,2023-01-29 03:05:00+00:00,FC Juarez,Guadalajara Chivas,Clausura - 4,a,49,0,1,,,80,2,2,,
974337,2023-01-29 03:05:00+00:00,Club America,Mazatlán,Clausura - 4,h,115,4,6,,,59,0,0,,
974339,2023-01-29 18:00:00+00:00,Toluca,Leon,Clausura - 4,d,87,0,0,,,84,0,0,,
974340,2023-01-30 01:00:00+00:00,Pachuca,Necaxa,Clausura - 4,h,120,1,2,,,66,0,1,,
973613,2023-02-02 02:05:00+00:00,Atlas,Toluca,Clausura - 1,d,92,0,0,,,88,0,0,,
974341,2023-02-03 03:00:00+00:00,Atletico San Luis,Puebla,Clausura - 5,h,68,0,2,,,83,0,0,,
974342,2023-02-04 01:00:00+00:00,Necaxa,Club Tijuana,Clausura - 5,d,66,0,1,,,52,1,1,,
974343,2023-02-04 03:05:00+00:00,Mazatlán,FC Juarez,Clausura - 5,a,59,1,2,,,49,1,3,,
974344,2023-02-04 23:00:00+00:00,Leon,Pachuca,Clausura - 5,a,85,0,0,,,123,1,1,,
974345,2023-02-05 01:05:00+00:00,Cruz Azul,Tigres UANL,Clausura - 5,a,81,0,0,,,117,1,1,,
974346,2023-02-05 03:05:00+00:00,Santos Laguna,Club America,Clausura - 5,d,90,2,2,,,118,1,2,,
974347,2023-02-05 18:00:00+00:00,U.N.A.M. - Pumas,Atlas,Clausura - 5,d,74,2,2,,,93,1,2,,
974348,2023-02-05 23:00:00+00:00,Guadalajara Chivas,Club Queretaro,Clausura - 5,d,83,0,1,,,43,0,1,,
974349,2023-02-06 01:10:00+00:00,Monterrey,Toluca,Clausura - 5,h,102,2,2,,,89,0,1,,
974350,2023-02-10 01:05:00+00:00,Club Queretaro,Leon,Clausura - 6,a,44,0,0,,,85,2,3,,
974351,2023-02-10 03:05:00+00:00,Atlas,Monterrey,Clausura - 6,a,94,0,0,,,105,0,2,,
974352,2023-02-11 01:00:00+00:00,Puebla,Mazatlán,Clausura - 6,h,83,3,3,,,59,0,1,,
974353,2023-02-11 03:10:00+00:00,Club Tijuana,Atletico San Luis,Clausura - 6,h,53,0,1,,,71,0,0,,
974354,2023-02-11 23:00:00+00:00,Club America,Necaxa,Clausura - 6,h,119,1,2,,,67,0,1,,
974356,2023-02-12 01:05:00+00:00,Tigres UANL,U.N.A.M. - Pumas,Clausura - 6,h,120,3,4,,,75,1,2,,
974355,2023-02-12 01:05:00+00:00,FC Juarez,Santos Laguna,Clausura - 6,h,52,0,3,,,91,1,1,,
974357,2023-02-12 03:05:00+00:00,Pachuca,Guadalajara Chivas,Clausura - 6,d,126,0,1,,,84,1,1,,
974358,2023-02-12 18:00:00+00:00,Toluca,Cruz Azul,Clausura - 6,h,89,1,3,,,81,1,1,,
974359,2023-02-15 01:05:00+00:00,Leon,Puebla,Clausura - 7,h,88,0,2,,,86,0,0,,
974360,2023-02-15 01:05:00+00:00,Tigres UANL,FC Juarez,Clausura - 7,d,123,0,0,,,55,0,0,,
974361,2023-02-15 03:05:00+00:00,Atletico San Luis,Club America,Clausura - 7,a,71,1,1,,,122,2,3,,
974363,2023-02-16 01:05:00+00:00,Guadalajara Chivas,Club Tijuana,Clausura - 7,h,85,1,2,,,56,1,1,,
974362,2023-02-16 01:05:00+00:00,Monterrey,Club Queretaro,Clausura - 7,h,108,2,2,,,44,0,0,,
974364,2023-02-16 03:05:00+00:00,Necaxa,U.N.A.M. - Pumas,Clausura - 7,h,67,2,3,,,75,1,1,,
974365,2023-02-17 03:00:00+00:00,Mazatlán,Pachuca,Clausura - 7,a,59,0,2,,,127,1,3,,
974369,2023-02-18 01:06:00+00:00,FC Juarez,Leon,Clausura - 8,d,56,0,0,,,91,0,0,,
974370,2023-02-18 03:05:00+00:00,Puebla,Cruz Azul,Clausura - 8,a,86,0,1,,,81,1,3,,
974368,2023-02-18 23:00:00+00:00,Atletico San Luis,Santos Laguna,Clausura - 8,d,71,1,1,,,91,0,1,,
974372,2023-02-19 01:05:00+00:00,Atlas,Tigres UANL,Clausura - 8,a,94,0,0,,,124,1,1,,
974373,2023-02-19 03:05:00+00:00,U.N.A.M. - Pumas,Guadalajara Chivas,Clausura - 8,a,75,0,1,,,88,2,2,,
974374,2023-02-19 23:00:00+00:00,Club Queretaro,Mazatlán,Clausura - 8,d,44,1,1,,,59,0,1,,
974371,2023-02-19 23:06:00+00:00,Monterrey,Necaxa,Clausura - 8,h,111,0,2,,,70,0,1,,
974375,2023-02-20 01:05:00+00:00,Club America,Club Tijuana,Clausura - 8,h,125,1,2,,,56,0,1,,
974376,2023-02-20 03:05:00+00:00,Pachuca,Toluca,Clausura - 8,a,130,0,1,,,92,1,2,,
974366,2023-02-23 02:05:00+00:00,Cruz Azul,Atlas,Clausura - 7,h,84,0,1,,,94,0,0,,
974367,2023-02-24 02:05:00+00:00,Santos Laguna,Toluca,Clausura - 7,a,92,0,0,,,95,2,5,,
974377,2023-02-25 01:05:00+00:00,Necaxa,Club Queretaro,Clausura - 9,d,70,1,1,,,45,0,1,,
974378,2023-02-25 03:10:00+00:00,Mazatlán,U.N.A.M. - Pumas,Clausura - 9,a,60,1,1,,,75,0,2,,
974379,2023-02-25 23:00:00+00:00,Cruz Azul,FC Juarez,Clausura - 9,h,87,1,1,,,57,0,0,,
974380,2023-02-26 01:05:00+00:00,Tigres UANL,Guadalajara Chivas,Clausura - 9,a,127,0,1,,,91,2,2,,
974381,2023-02-26 03:05:00+00:00,Atlas,Club America,Clausura - 9,d,94,1,2,,,128,2,2,,
974382,2023-02-26 18:00:00+00:00,Toluca,Atletico San Luis,Clausura - 9,h,98,2,2,,,72,0,0,,
974383,2023-02-27 01:05:00+00:00,Santos Laguna,Puebla,Clausura - 9,h,92,2,3,,,86,0,2,,
974384,2023-02-27 03:05:00+00:00,Club Tijuana,Pachuca,Clausura - 9,h,56,2,2,,,130,0,0,,
974385,2023-02-28 03:10:00+00:00,Leon,Monterrey,Clausura - 9,d,92,1,1,,,114,0,1,,
974386,2023-03-04 01:05:00+00:00,Necaxa,Tigres UANL,Clausura - 10,a,71,0,0,,,127,1,1,,
974387,2023-03-04 01:05:00+00:00,Mazatlán,Cruz Azul,Clausura - 10,h,60,1,3,,,90,1,1,,
974388,2023-03-04 03:15:00+00:00,Club Tijuana,Atlas,Clausura - 10,d,59,1,1,,,95,1,1,,
974389,2023-03-04 23:00:00+00:00,Leon,Atletico San Luis,Clausura - 10,h,93,0,2,,,72,0,0,,
974391,2023-03-05 01:05:00+00:00,Club America,Pachuca,Clausura - 10,a,129,0,0,,,130,3,3,,
974390,2023-03-05 01:10:00+00:00,Monterrey,FC Juarez,Clausura - 10,h,115,1,3,,,57,0,0,,
974392,2023-03-05 03:05:00+00:00,Guadalajara Chivas,Santos Laguna,Clausura - 10,h,94,2,2,,,95,0,0,,
974393,2023-03-05 18:00:00+00:00,U.N.A.M. - Pumas,Puebla,Clausura - 10,a,78,1,2,,,86,2,4,,
974394,2023-03-06 01:05:00+00:00,Club Queretaro,Toluca,Clausura - 10,h,46,1,1,,,101,0,0,,
974395,2023-03-11 01:05:00+00:00,Atletico San Luis,Club Queretaro,Clausura - 11,h,72,0,2,,,49,0,0,,
974396,2023-03-11 03:05:00+00:00,Puebla,Guadalajara Chivas,Clausura - 11,h,89,1,1,,,97,0,0,,
974397,2023-03-11 23:00:00+00:00,Atlas,Leon,Clausura - 11,a,96,0,0,,,96,1,1,,
974398,2023-03-12 01:05:00+00:00,Cruz Azul,U.N.A.M. - Pumas,Clausura - 11,h,90,0,1,,,78,0,0,,
974399,2023-03-12 03:10:00+00:00,Tigres UANL,Club America,Clausura - 11,a,130,0,0,,,129,1,2,,
974400,2023-03-12 18:00:00+00:00,Toluca,Mazatlán,Clausura - 11,h,101,2,4,,,63,1,1,,
974401,2023-03-13 01:05:00+00:00,Pachuca,Monterrey,Clausura - 11,a,133,1,1,,,118,1,2,,
974402,2023-03-13 01:05:00+00:00,Santos Laguna,Club Tijuana,Clausura - 11,h,95,1,3,,,60,1,2,,
974403,2023-03-13 03:15:00+00:00,FC Juarez,Necaxa,Clausura - 11,d,57,0,1,,,71,0,1,,
974404,2023-03-18 01:00:00+00:00,Puebla,Atlas,Clausura - 12,a,92,0,0,,,96,2,4,,
974406,2023-03-18 03:05:00+00:00,Club Tijuana,Toluca,Clausura - 12,d,60,0,3,,,104,3,3,,
974405,2023-03-18 03:05:00+00:00,Mazatlán,Necaxa,Clausura - 12,a,63,0,0,,,72,1,1,,
974407,2023-03-18 23:00:00+00:00,Cruz Azul,Atletico San Luis,Clausura - 12,h,93,0,1,,,75,0,0,,
974408,2023-03-19 01:05:00+00:00,Tigres UANL,Monterrey,Clausura - 12,a,130,0,0,,,121,0,1,,
974409,2023-03-19 03:10:00+00:00,Guadalajara Chivas,Club America,Clausura - 12,a,97,0,2,,,132,3,4,,
974410,2023-03-19 18:00:00+00:00,U.N.A.M. - Pumas,Pachuca,Clausura - 12,a,78,0,0,,,133,0,2,,
974411,2023-03-20 01:05:00+00:00,Club Queretaro,FC Juarez,Clausura - 12,d,49,1,2,,,58,0,2,,
974412,2023-03-20 03:05:00+00:00,Leon,Santos Laguna,Clausura - 12,h,99,3,4,,,98,0,1,,
973611,2023-03-25 03:05:00+00:00,Mazatlán,Leon,Clausura - 1,a,63,1,1,,,102,1,2,,
974335,2023-03-30 03:05:00+00:00,Club Queretaro,Cruz Azul,Clausura - 4,d,50,0,2,,,96,1,2,,
974413,2023-04-01 01:05:00+00:00,Necaxa,Santos Laguna,Clausura - 13,d,75,0,0,,,98,0,0,,
974414,2023-04-01 03:00:00+00:00,FC Juarez,Puebla,Clausura - 13,a,59,0,0,,,92,0,2,,
974415,2023-04-01 23:00:00+00:00,Pachuca,Cruz Azul,Clausura - 13,a,136,0,0,,,97,1,2,,
974416,2023-04-02 01:05:00+00:00,Club America,Leon,Clausura - 13,d,135,0,2,,,105,1,2,,
974417,2023-04-02 01:15:00+00:00,Monterrey,Club Tijuana,Clausura - 13,h,124,3,4,,,61,0,0,,
974418,2023-04-02 03:10:00+00:00,Atlas,Guadalajara Chivas,Clausura - 13,d,99,2,3,,,97,2,3,,
974419,2023-04-02 18:00:00+00:00,Toluca,Tigres UANL,Clausura - 13,h,105,2,3,,,130,0,2,,
974420,2023-04-02 23:00:00+00:00,Atletico San Luis,Mazatlán,Clausura - 13,h,75,1,2,,,63,0,1,,
974421,2023-04-03 01:05:00+00:00,Club Queretaro,U.N.A.M. - Pumas,Clausura - 13,h,51,0,1,,,78,0,0,,
974422,2023-04-08 01:05:00+00:00,Puebla,Toluca,Clausura - 14,a,95,0,1,,,108,2,2,,
974423,2023-04-08 03:10:00+00:00,Club Tijuana,Club Queretaro,Clausura - 14,a,61,0,1,,,54,1,2,,
974425,2023-04-08 23:00:00+00:00,Guadalajara Chivas,Necaxa,Clausura - 14,h,98,0,1,,,76,0,0,,
974426,2023-04-09 01:05:00+00:00,Tigres UANL,Mazatlán,Clausura - 14,a,130,0,1,,,63,2,2,,
974424,2023-04-09 01:05:00+00:00,Leon,Cruz Azul,Clausura - 14,d,106,0,0,,,100,0,0,,
974427,2023-04-09 03:10:00+00:00,Club America,Monterrey,Clausura - 14,h,136,1,2,,,127,1,1,,
974428,2023-04-09 18:00:00+00:00,U.N.A.M. - Pumas,Atletico San Luis,Clausura - 14,h,78,2,3,,,78,1,1,,
974429,2023-04-10 00:05:00+00:00,Santos Laguna,Pachuca,Clausura - 14,a,99,1,1,,,136,2,4,,
974430,2023-04-10 02:10:00+00:00,FC Juarez,Atlas,Clausura - 14,d,59,1,1,,,100,1,1,,
974431,2023-04-14 03:05:00+00:00,Atletico San Luis,FC Juarez,Clausura - 15,h,78,1,2,,,60,0,0,,
974432,2023-04-15 01:05:00+00:00,Necaxa,Puebla,Clausura - 15,d,76,0,1,,,95,0,1,,
974433,2023-04-15 03:05:00+00:00,Mazatlán,Club Tijuana,Clausura - 15,a,66,1,1,,,61,1,2,,
974434,2023-04-15 23:00:00+00:00,Atlas,Pachuca,Clausura - 15,h,101,3,4,,,139,0,1,,
974435,2023-04-16 01:05:00+00:00,Leon,Guadalajara Chivas,Clausura - 15,a,107,0,0,,,101,0,2,,
974436,2023-04-16 03:10:00+00:00,Cruz Azul,Club America,Clausura - 15,a,101,1,1,,,139,1,3,,
974437,2023-04-16 18:00:00+00:00,U.N.A.M. - Pumas,Toluca,Clausura - 15,h,81,3,3,,,111,1,1,,
974438,2023-04-16 23:00:00+00:00,Club Queretaro,Tigres UANL,Clausura - 15,d,57,0,0,,,130,0,0,,
974439,2023-04-17 01:10:00+00:00,Monterrey,Santos Laguna,Clausura - 15,a,127,1,1,,,99,1,2,,
974440,2023-04-21 02:05:00+00:00,Tigres UANL,Puebla,Clausura - 16,h,131,0,1,,,96,0,0,,
974441,2023-04-22 01:05:00+00:00,Necaxa,Atlas,Clausura - 16,a,77,0,1,,,104,3,3,,
974442,2023-04-22 01:05:00+00:00,Mazatlán,Monterrey,Clausura - 16,a,66,0,0,,,127,1,2,,
974443,2023-04-22 03:05:00+00:00,Club Tijuana,Leon,Clausura - 16,d,64,0,0,,,107,0,0,,
974444,2023-04-22 23:00:00+00:00,Pachuca,Atletico San Luis,Clausura - 16,h,139,0,2,,,81,1,1,,
974445,2023-04-23 01:05:00+00:00,Guadalajara Chivas,Cruz Azul,Clausura - 16,h,104,0,2,,,101,1,1,,
974446,2023-04-23 03:10:00+00:00,Club America,U.N.A.M. - Pumas,Clausura - 16,d,142,0,1,,,84,0,1,,
974447,2023-04-23 18:00:00+00:00,Toluca,FC Juarez,Clausura - 16,d,111,1,1,,,60,0,1,,
974448,2023-04-24 01:05:00+00:00,Santos Laguna,Club Queretaro,Clausura - 16,a,102,0,0,,,58,0,2,,
974450,2023-04-29 03:05:00+00:00,FC Juarez,Club America,Clausura - 17,a,61,0,0,,,143,1,1,,
974449,2023-04-29 23:00:00+00:00,Puebla,Club Tijuana,Clausura - 17,h,96,2,5,,,65,1,2,,
974451,2023-04-30 01:00:00+00:00,Atletico San Luis,Atlas,Clausura - 17,d,81,0,0,,,107,0,0,,
974453,2023-04-30 01:05:00+00:00,Guadalajara Chivas,Mazatlán,Clausura - 17,h,107,2,4,,,66,1,1,,
974452,2023-04-30 01:05:00+00:00,Monterrey,U.N.A.M. - Pumas,Clausura - 17,h,130,4,4,,,85,1,1,,
974454,2023-04-30 03:05:00+00:00,Cruz Azul,Santos Laguna,Clausura - 17,h,101,2,3,,,102,0,2,,
974455,2023-04-30 18:00:00+00:00,Toluca,Necaxa,Clausura - 17,h,112,1,3,,,77,0,0,,
974456,2023-04-30 23:00:00+00:00,Club Queretaro,Pachuca,Clausura - 17,a,61,0,0,,,142,1,1,,
974457,2023-05-01 01:05:00+00:00,Leon,Tigres UANL,Clausura - 17,h,108,2,3,,,134,0,0,,
1024695,2023-05-06 23:00:00+00:00,Cruz Azul,Atlas,Clausura - Reclasificacion,a,104,0,0,,,108,1,1,,
1024692,2023-05-07 01:10:00+00:00,Pachuca,Santos Laguna,Clausura - Reclasificacion,d,145,3,4,0.0,2.0,102,2,4,0.0,4.0
1024693,2023-05-08 01:06:00+00:00,Leon,Atlético San Luis,Clausura - Reclasificacion,a,111,1,1,,,0,3,3,,
1024694,2023-05-08 03:10:00+00:00,Tigres UANL,Puebla,Clausura - Reclasificacion,h,134,0,1,,,99,0,0,,
1025954,2023-05-11 01:00:00+00:00,Santos Laguna,Monterrey,Clausura - Quarter-finals,d,103,0,0,,,133,0,0,,
1026493,2023-05-11 03:10:00+00:00,Atletico San Luis,Club America,Clausura - Quarter-finals,a,82,1,1,,,146,3,3,,
1026495,2023-05-12 01:00:00+00:00,Atlas,Guadalajara Chivas,Clausura - Quarter-finals,h,111,1,1,,,110,0,0,,
1026497,2023-05-12 03:10:00+00:00,Tigres UANL,Toluca,Clausura - Quarter-finals,h,137,3,4,,,115,1,1,,
1025953,2023-05-14 01:06:00+00:00,Monterrey,Santos Laguna,Clausura - Quarter-finals,h,134,1,2,,,104,0,0,,
1026492,2023-05-14 03:16:00+00:00,Club America,Atletico San Luis,Clausura - Quarter-finals,a,149,0,1,,,82,2,2,,
1026496,2023-05-14 18:00:00+00:00,Toluca,Tigres UANL,Clausura - Quarter-finals,h,115,2,3,,,140,0,1,,
1026494,2023-05-15 01:05:00+00:00,Guadalajara Chivas,Atlas,Clausura - Quarter-finals,h,110,0,1,,,114,0,0,,
1027143,2023-05-18 03:00:00+00:00,Tigres UANL,Monterrey,Clausura - Semi-finals,d,140,0,1,,,137,1,1,,
1027145,2023-05-19 02:10:00+00:00,Guadalajara Chivas,Club America,Clausura - Semi-finals,a,113,0,0,,,149,0,1,,
1027144,2023-05-21 01:06:00+00:00,Monterrey,Tigres UANL,Clausura - Semi-finals,a,138,0,0,,,141,0,1,,
1027146,2023-05-22 02:00:00+00:00,Club America,Guadalajara Chivas,Clausura - Semi-finals,a,152,0,1,,,113,1,3,,
1028348,2023-05-26 02:00:00+00:00,Tigres UANL,Guadalajara Chivas,Clausura - Final,d,144,0,0,,,116,0,0,,
1028349,2023-05-29 01:35:00+00:00,Guadalajara Chivas,Tigres UANL,Clausura - Final,a,117,2,2,0.0,,145,0,2,1.0,
