Team,EspnId,City,State,Stadium,Latitude,Longitude
América,227,Mexico City,CDMX,Estadio Banorte,19.3029,-99.1505
Atlante,226,Mexico City,CDMX,Estadio Banorte,19.3029,-99.1505
Cruz Azul,218,Mexico City,CDMX,Estadio Banorte,19.3029,-99.1505
Pumas UNAM,233,Mexico City,CDMX,Estadio Olímpico Universitario,19.3319,-99.1923
Toluca,223,Toluca,Estado de México,Estadio Nemesio Díez,19.2878,-99.6667
Pachuca,234,Pachuca,Hidalgo,Estadio Hidalgo,20.1042,-98.7558
Puebla,231,Puebla,Puebla,Estadio Cuauhtémoc,19.0785,-98.1622
Querétaro,222,Querétaro,Querétaro,Estadio Corregidora,20.5778,-100.3667
León,228,León,Guanajuato,Estadio León,21.1157,-101.6575
Atlético de San Luis,15720,San Luis Potosí,San Luis Potosí,Estadio Alfonso Lastras,22.1258,-100.9775
Necaxa,229,Aguascalientes,Aguascalientes,Estadio Victoria,21.8806,-102.2754
Guadalajara,219,Zapopan,Jalisco,Estadio Akron,20.6819,-103.4625
Atlas,216,Guadalajara,Jalisco,Estadio Jalisco,20.7050,-103.3281
Monterrey,220,Guadalupe,Nuevo León,Estadio BBVA,25.6694,-100.2444
Tigres UANL,232,San Nicolás de los Garza,Nuevo León,Estadio Universitario,25.7228,-100.3119
Santos,225,Torreón,Coahuila,Estadio Corona,25.6245,-103.4158
FC Juárez,17851,Ciudad Juárez,Chihuahua,Estadio Olímpico Benito Juárez,31.7381,-106.4467
Tijuana,10125,Tijuana,Baja California,Estadio Caliente,32.5072,-116.9997
